File,compression_ratio mixture lossless,compression_ratio mixture all-iframe,compression_ratio mixture with-pframe,compression_ratio vocals lossless,compression_ratio vocals all-iframe,compression_ratio vocals with-pframe,compression_ratio drums lossless,compression_ratio drums all-iframe,compression_ratio drums with-pframe,compression_ratio repet-fg lossless,compression_ratio repet-fg all-iframe,compression_ratio repet-fg with-pframe,compression_ratio repet-bg lossless,compression_ratio repet-bg all-iframe,compression_ratio repet-bg with-pframe,compression_ratio sum with-pframe,peaq mixture lossless,peaq mixture all-iframe,peaq mixture with-pframe,peaq vocals lossless,peaq vocals all-iframe,peaq vocals with-pframe,peaq drums lossless,peaq drums all-iframe,peaq drums with-pframe,peaq repet-fg lossless,peaq repet-fg all-iframe,peaq repet-fg with-pframe,peaq repet-bg lossless,peaq repet-bg all-iframe,peaq repet-bg with-pframe,peaq sum with-pframe,desirability mixture lossless,desirability mixture all-iframe,desirability mixture with-pframe,desirability vocals lossless,desirability vocals all-iframe,desirability vocals with-pframe,desirability drums lossless,desirability drums all-iframe,desirability drums with-pframe,desirability repet-fg lossless,desirability repet-fg all-iframe,desirability repet-fg with-pframe,desirability repet-bg lossless,desirability repet-bg all-iframe,desirability repet-bg with-pframe,desirability sum with-pframe
0,0.9479390482,0.9258204851,0.8934601303,0.8792336749,0.8641532135,0.8221763127,0.5583122825,0.5320816715,0.5129183108,0.9402695812,0.8944995763,0.7934528512,0.9352428949,0.9143029987,0.8726982661,0.8835989212,0.1594592743,0.1540481193,0.1292493148,0.1540271646,0.1474462864,0.0415511133,0.0566508791,-0.021425461,-0.532691283,0.1422205855,0.1249463318,-0.112888821,0.1557724268,0.1509785159,0.1149482759,0.1269999791,0.0420542003,0.0415977292,0.036165384,0.0437958557,0.0426562918,0.0126344899,0.0253670217,-0.01006681,-0.259637486,0.0378137793,0.0349207353,-0.03556885,0.0416395643,0.0412824075,0.032928986,0.0359325866
1,0.939779774,0.9131889989,0.8209205965,0.9038510846,0.8880889804,0.6823661659,0.7537689604,0.7405016854,0.4785415388,0.887488451,0.8166420234,0.6697920318,0.9217754538,0.8965578018,0.7777951237,0.7972185736,0.1263849811,0.1120986659,-0.638430851,0.1270788083,0.1160104274,-1.416116485,0.0949386376,0.0698523562,-2.075997665,0.1037862375,0.079675146,-0.418825743,0.1243798356,0.1131202786,-0.868299714,-0.707205829,0.0336209037,0.0306887912,-0.194425275,0.0351492659,0.0326573209,-0.518825726,0.0314879766,0.023582781,-1.084544129,0.0292359403,0.0243910868,-0.156326786,0.0337337676,0.0315429408,-0.279090112,-0.221772878
2,0.9532998445,0.917057384,0.8541537839,0.6776785691,0.6647842523,0.5731314033,0.7481205082,0.7371677012,0.6789997705,0.9155983507,0.8342003811,0.7387012592,0.9344850706,0.9049957322,0.8264571638,0.8303287725,0.1636985438,0.1540692438,0.1368782603,0.1538498376,0.1511933293,-0.046237235,0.1480466587,0.111705101,-0.051074075,0.1460179133,0.128274524,-0.280427729,0.1587075223,0.1464154577,0.1184013087,0.1311933124,0.0429294478,0.0420009823,0.0400625341,0.0567561985,0.0568580441,-0.020168688,0.0494728647,0.0378832051,-0.018804894,0.0398695326,0.0384423595,-0.094905662,0.0424585495,0.0404464498,0.0358159242,0.0395004114
3,0.913786232,0.8911697769,0.8608365898,0.7260207522,0.7176287793,0.673281358,0.8208915464,0.8140653464,0.6331004809,0.8830303241,0.8032946418,0.7280662019,0.8927447457,0.8701888064,0.833715562,0.8185051019,0.1691167399,0.1679879114,0.1648419696,0.1635402623,0.1624083338,-0.006111519,0.1658681533,0.164828739,0.1343184978,0.1667458309,0.1645176716,0.1377575221,0.1604795127,0.1572711569,0.1488787416,0.1640409543,0.0462681352,0.0471256756,0.0478726077,0.0563139076,0.0565781148,-0.002269303,0.0505146368,0.0506190135,0.0530399604,0.0472084102,0.0512009116,0.0473025398,0.0449399208,0.0451830556,0.0446431458,0.0501038277
4,0.9390173903,0.9292706983,0.9214872986,0.8995060446,0.8859465259,0.8611361269,0.940476912,0.9354395437,0.8896731856,0.9463691641,0.8869675239,0.8540154883,0.922143388,0.9135391417,0.9013568226,0.8941621733,0.1681236652,0.1675926739,0.1346973479,0.1565542202,0.1544828742,0.0900886895,0.1598913012,0.1590740752,-1.08855765,0.1401739588,0.1317794241,-0.193503685,0.1668808463,0.16620777,0.1367804119,0.1387101666,0.0447605303,0.0450871512,0.036543463,0.043511164,0.0435926068,0.026154021,0.0425027183,0.0425131897,-0.305886945,0.0370294078,0.0371432495,-0.056645251,0.0452426511,0.0454845782,0.0379373652,0.0387821613
5,0.9011595863,0.8778841716,0.8647579836,0.8494177484,0.8230929244,0.7100063905,0.7814230789,0.7754893893,0.823502592,0.903082029,0.8362501512,0.815814997,0.8877190224,0.869179841,0.8488928459,0.8425714986,0.1693602114,0.1681653059,0.1670093716,0.1500305945,0.1408245093,-1.748567011,0.1706276144,0.1702547635,0.1661307149,0.1599906555,0.152117573,0.1200328628,0.1661068077,0.1658895357,0.1613393772,0.1661052445,0.0469839677,0.0478893775,0.0482821133,0.044156893,0.042772968,-0.615687068,0.054588743,0.0548862324,0.0504341809,0.0442901781,0.0454760973,0.0367831136,0.0467791056,0.0477143877,0.0475146475,0.0492852075
6,0.9229119118,0.9012410788,0.8765524519,0.419459885,0.4123470003,0.3637857913,0.8923150709,0.8870209618,0.8554229387,0.9156467978,0.8572836045,0.8025487482,0.9101517554,0.8949333211,0.8582399542,0.8577617793,0.1487394589,0.135411268,-0.025832752,0.0856668621,0.0847728011,-0.529655458,0.1516028684,0.1485346828,-0.543373265,0.1312146456,0.1222233613,-0.520404873,0.1495399188,0.1409548477,-0.027811486,-0.027838753,0.0402908059,0.0375624434,-0.007367714,0.0510578396,0.0513965186,-0.363988555,0.0424745903,0.0418633519,-0.158802517,0.0358256715,0.0356426277,-0.162110051,0.0410755453,0.039375796,-0.008101314,-0.008113777
7,0.938109227,0.8715048367,0.8692860613,0.5515295531,0.5472933309,0.5062200608,0.8549189148,0.8452290569,0.8167282602,0.9316191811,0.8221095586,0.7860034069,0.9261128925,0.8654339319,0.8555721925,0.8388408755,0.1688041264,0.1664889988,0.1666698158,0.1656561476,0.165416843,0.0832841397,0.1692652664,0.1685804803,0.163190668,0.1612476597,0.1449575679,0.0922964306,0.1649962812,0.1630942586,0.16104515,0.165642738,0.0449852004,0.0477590576,0.0479329599,0.0750894248,0.0755613278,0.0411304027,0.0494974621,0.0498623654,0.0499525595,0.0432708082,0.0440809763,0.0293562438,0.0445400022,0.0471134343,0.0470577327,0.0493665553
8,0.9426246209,0.930868949,0.9078578761,0.9303025307,0.918039645,0.7219812949,0.9460317144,0.9403314285,0.8919002064,0.933499821,0.902897456,0.8761903367,0.9313362724,0.9200161127,0.8928599741,0.897878715,0.1678189937,0.1667578996,0.1656617853,0.1622737653,0.1606913256,0.0477254117,0.1675099168,0.1671432173,0.1279740263,0.1569897645,0.1522800981,0.08848875,0.1655910107,0.164893765,0.1608100085,0.1640338553,0.0445084369,0.0447855468,0.0456188655,0.0436077942,0.0437593644,0.0165258477,0.0442664644,0.0444373154,0.035871173,0.0420433301,0.0421642837,0.0252481528,0.0444498447,0.0448073036,0.0450266596,0.0456726094
9,0.947305521,0.9268057636,0.8275992605,0.9365739773,0.9208629632,0.7160266695,0.9139416109,0.9007150315,0.6232368397,0.8593623321,0.7728718398,0.6945904017,0.9332253362,0.915461447,0.8075268042,0.790199322,0.1580331004,0.1540793801,0.0901188493,0.1377810699,0.1250204199,-1.087428381,0.1540626947,0.1485492709,-0.038291759,0.1186699028,0.0947996411,-0.503675297,0.154186834,0.1504926384,0.0797224328,0.0865216707,0.0417059483,0.0415619395,0.027222973,0.0367779463,0.0339411033,-0.379674538,0.0421423789,0.0412309292,-0.015360035,0.0345226624,0.0306647352,-0.181285005,0.0413048243,0.0410974812,0.0246810485,0.0273733691
10,0.9456863878,0.926188007,0.8997959255,0.6734265975,0.6657577325,0.6232124779,0.9211598791,0.9081413946,0.8338943067,0.9197156734,0.86879659,0.7765493338,0.9315450248,0.9104892462,0.8809771903,0.8748868901,0.1641963509,0.1607700503,0.1504276132,0.1543221088,0.1539684498,-0.540409625,0.160537451,0.1492281741,0.0710603632,0.1429978929,0.1324476998,-0.075552201,0.1607997022,0.1571945301,0.1466963951,0.1523368537,0.0434066602,0.0433956306,0.0417949251,0.0572898774,0.0578169964,-0.21678386,0.0435693778,0.0410806552,0.0213037679,0.0388701359,0.0381124021,-0.024323053,0.0431540339,0.0431621051,0.0416288857,0.0435304425
11,0.9333254882,0.9065649224,0.8792751387,0.4476066682,0.4416821775,0.3646119206,0.9149689314,0.9046123018,0.8274528751,0.9105233673,0.8431277068,0.7653358869,0.9196134703,0.8957778577,0.8629401518,0.8530339293,0.1744589428,0.1740966519,0.1743806955,0.1455915194,0.145358883,-1.371749723,0.174894501,0.1741413559,0.1720723354,0.1725476902,0.1721755477,0.1553059689,0.1690452018,0.1676411161,0.1677056406,0.1740975613,0.0467304668,0.0480099791,0.0495808103,0.0813166613,0.0822757236,-0.940554632,0.0477870054,0.0481259639,0.0519885605,0.0473759643,0.0510526301,0.0507313101,0.0459555039,0.0467864646,0.0485855364,0.0510230471
12,0.9309850513,0.9055650419,0.8799361659,0.8277444345,0.8172959766,0.7770140141,0.812909776,0.7902990951,0.7128142533,0.9220888585,0.8791457142,0.7849959638,0.9195796027,0.896993025,0.8654995886,0.8723226514,0.1622615762,0.1592791397,0.1282305019,0.1591813519,0.1550321484,0.060434735,0.1148426433,0.0487432582,-0.89679954,0.1420640718,0.132665877,-0.192845043,0.1617204436,0.1590309287,0.1250976144,0.1303655358,0.0435725514,0.043972308,0.0364317626,0.0480768415,0.0474222781,0.0194445447,0.0353183855,0.015419244,-0.31452778,0.0385169147,0.037725793,-0.061415935,0.0439658631,0.044323346,0.0361345101,0.037361616
13,0.9379028127,0.9266029317,0.9205744003,0.5902236605,0.5817732745,0.5559972684,0.9446357361,0.9407966679,0.8972151912,0.948183775,0.8966775457,0.8613698038,0.9192505438,0.9076605292,0.8977110579,0.8971943018,0.1680954164,0.1666028038,0.16064936,0.1548276959,0.1541634903,-0.359255484,0.1639540707,0.1636115837,0.1175128548,0.14322536,0.1336628713,-0.079342767,0.1660622976,0.1650884589,0.156423048,0.1591031142,0.0448061926,0.0449498912,0.0436274786,0.0655800954,0.066247238,-0.161536533,0.0433908184,0.0434768716,0.0327437765,0.0377630803,0.0372661477,-0.023028079,0.0451624148,0.0454708709,0.0435616356,0.0443335167
14,0.9404449192,0.9119119619,0.8955888808,0.8233008461,0.7871667713,0.6580635696,0.7542487638,0.7379005837,0.5983599561,0.9191810935,0.8352955013,0.7895038885,0.9199093283,0.8915313301,0.8661071327,0.850701317,0.1548730344,0.117972048,0.0995783755,0.125721375,0.1235747363,-2.208496719,0.0527393839,-0.123591561,-1.380498405,0.1359070277,0.1223357352,-0.404861571,0.150077698,0.1063676472,0.0816469654,0.1051618159,0.0411701502,0.032341951,0.0277968992,0.0381760129,0.0392466822,-0.839013441,0.0174807658,-0.041872701,-0.576784255,0.0369641599,0.036614508,-0.128201259,0.0407860029,0.029827232,0.0235672246,0.0309044473
15,0.9388510095,0.9234482094,0.9112693341,0.2442267175,0.2393959485,0.2283005235,0.9233346506,0.9105738167,0.8897387673,0.9431926665,0.8849451371,0.8451093568,0.9290369887,0.9169472702,0.8982660274,0.8916055822,0.164618031,0.1643869942,0.1613188985,0.1622641227,0.1436214175,0.0955443274,0.1620268287,0.1589207164,0.1197387981,0.1569661496,0.1522020876,0.0067439441,0.1655901053,0.1650534109,0.1576052477,0.1539946759,0.043834972,0.0445035771,0.0442566463,0.166099889,0.1499831329,0.1046256114,0.0438700174,0.0436320245,0.0336443691,0.0416050069,0.0429976055,0.0019949916,0.0445596105,0.0450007913,0.043863745,0.0431790354
16,0.9375580479,0.8911761114,0.8297627924,0.5112769431,0.4919805852,0.4527542115,0.6011098537,0.5945784616,0.5239291302,0.8954328833,0.7671792427,0.6778146383,0.9180117364,0.887050665,0.7956412065,0.7814102246,0.1646211846,0.1516679271,0.1520603511,0.1447045483,0.1241339601,0.0103633672,0.1630828303,0.1496799159,-0.219645576,0.1574011642,0.1428787322,-0.020437974,0.1484227253,0.1211100041,0.0935519941,0.1477825212,0.0438962646,0.0425471254,0.045814404,0.0707564414,0.0630786884,0.0057224024,0.0678257183,0.0629353086,-0.104806912,0.0439455506,0.0465597621,-0.007538187,0.0404196154,0.0341327753,0.0293951574,0.0472807101
17,0.9321507405,0.921272985,0.9034129398,0.1523927096,0.1485839536,0.1232026195,0.9171800293,0.8970461581,0.7944132513,0.9185385596,0.8717204718,0.8161641776,0.915057444,0.9020356119,0.8844160389,0.8780682554,0.180640028,0.1806148196,0.1786742853,0.1453707104,0.127797706,-0.612113485,0.1766870734,0.1764633103,0.1708880224,0.1797498898,0.1798170431,0.1779543104,0.1721438167,0.170857321,0.1709797182,0.1801403834,0.0484471074,0.0490122967,0.0494442456,0.2384804213,0.2150260895,-1.242086994,0.0481604123,0.049178994,0.0537780626,0.0489227937,0.0515695825,0.0545093485,0.0470308771,0.0473532638,0.0483312465,0.0512888327
18,0.9237385128,0.9080361525,0.8864150054,0.5473578189,0.5419267658,0.5135504213,0.9201675439,0.9110953938,0.8815222916,0.9138602717,0.8696501449,0.838244988,0.9117503223,0.8964843264,0.870913977,0.870282061,0.1587948316,0.1552822223,0.126738523,0.1581136561,0.1577226801,-0.475378921,0.1598236667,0.1560257163,0.0836386443,0.1322073447,0.1266199826,-0.057356271,0.1574832137,0.1540945636,0.1257793965,0.1274045824,0.0429761316,0.0427522136,0.0357446913,0.0722167705,0.0727601449,-0.231417842,0.0434224364,0.0428126729,0.0237199459,0.0361672755,0.03639969,-0.017106059,0.0431815624,0.0429719068,0.0361055741,0.0365986466
19,0.8778065719,0.8301228335,0.7891376104,0.6608343041,0.6466055538,0.5488985089,0.8560127554,0.8485102749,0.7306303021,0.8418097378,0.7438158644,0.7160238315,0.8582257734,0.8186968412,0.7635593308,0.7536875976,0.155682432,0.1409313463,0.1191651286,0.1610344037,0.1597330666,-0.567826027,0.1612648775,0.1597707826,0.0776130811,0.1325865323,0.1050362061,-0.120506508,0.148348864,0.1441282764,0.0996145588,0.1185540394,0.0443384787,0.0424429195,0.0377516947,0.0609208703,0.0617583107,-0.258620682,0.0470976853,0.0470739092,0.0265568923,0.0393754451,0.0353031614,-0.042074894,0.0432138222,0.0440114915,0.0326151992,0.0393246618
20,0.9483840136,0.9009545233,0.8220157652,0.5914443644,0.5816809122,0.4696753077,0.5789081538,0.5504373461,0.4483980174,0.8949561541,0.7649259503,0.6808910035,0.9257871173,0.8875394101,0.7882614328,0.7765936916,0.1574161228,0.1491976128,0.1319087945,0.1531345243,0.1517988667,-0.851120546,0.0764900464,-0.033628899,-0.41968141,0.1490697504,0.1356506237,-0.006889351,0.1448903431,0.1312394192,0.0858070308,0.1280143157,0.0414958816,0.0413998734,0.0401174771,0.0647290487,0.0652414681,-0.453036668,0.0330320302,-0.015273718,-0.233989332,0.0416416351,0.0443345606,-0.002529535,0.0391262582,0.0369672089,0.027214014,0.0412101969
21,0.9407578545,0.8803187279,0.8976533051,0.829142952,0.8103752628,0.6516752776,0.9267055457,0.9116590078,0.7036136988,0.9287099182,0.834121538,0.7470127657,0.9315367696,0.8679733806,0.8767470055,0.8554342718,0.1579803996,0.1250882967,0.1225358797,0.1385619231,0.1235701132,-1.185148484,0.1179928358,0.1001056835,-1.096159366,0.1346133039,0.1099900762,-0.178698866,0.1504435531,0.102346917,0.0943740565,0.1176202992,0.0419822165,0.0355235816,0.0341267277,0.0417786592,0.0381212627,-0.454654536,0.0318312641,0.0274515149,-0.389474852,0.0362366389,0.0329658422,-0.059804489,0.0403750979,0.0294787027,0.0269102877,0.0343744409
22,0.8664982029,0.8306970103,0.7435208267,0.5812360743,0.5688284427,0.4974751778,0.5493305326,0.5463205439,0.5129012473,0.8186166771,0.7663643841,0.6466904978,0.8503008477,0.8201242951,0.7187725351,0.7425684596,0.1736717204,0.1732350882,0.1722826612,0.1400011898,0.136001665,-1.200872086,0.1749163858,0.1748516319,0.1697001703,0.1734601748,0.1732133033,0.1699384629,0.1625821149,0.159586302,0.1527481035,0.1717239232,0.0501073516,0.0521354616,0.0579279877,0.0602170082,0.0597727077,-0.603483419,0.0796043436,0.0800132971,0.0827158109,0.0529735649,0.0565048777,0.0656954384,0.0478013504,0.0486469865,0.0531281094,0.0578141722
23,0.9021018496,0.8854919547,0.877893599,0.5562766513,0.5504244337,0.501485879,0.8695939344,0.8634301644,0.8291510966,0.9038086147,0.827521181,0.8077915182,0.8883727756,0.8730342852,0.8598284385,0.8436748098,0.1708660689,0.1696148985,0.1687363008,0.1626988704,0.1609612756,-0.170187683,0.1683438628,0.1669082784,0.1565021494,0.159228425,0.1538722393,0.0973535247,0.1672373765,0.165627848,0.1643215685,0.168653001,0.0473522111,0.0478871935,0.0480514669,0.0731195845,0.0731077991,-0.084841712,0.0483972622,0.0483270927,0.0471874638,0.044043734,0.0464858915,0.030129533,0.0470628381,0.0474287926,0.0477774289,0.0499757131
24,0.8930140747,0.8781836928,0.8663316191,0.8487775452,0.8273476005,0.7983949768,0.8881144305,0.8764000349,0.8488479062,0.8852437166,0.8062536048,0.7826339754,0.8724257012,0.8585144008,0.8409591235,0.8236063641,0.1686696042,0.1649175129,0.1620781405,0.1518472158,0.1207550399,-0.017441149,0.1560732623,0.1379860062,0.0867015119,0.1466070236,0.1218193812,-0.034748149,0.1653940046,0.1625730949,0.1554279273,0.1604513302,0.0472191898,0.0469484671,0.0467713913,0.0447252689,0.0364886052,-0.005461316,0.0439338831,0.0393615931,0.025535055,0.0414030116,0.0377732826,-0.011099745,0.0473948682,0.0473414001,0.0462055536,0.0487038885
25,0.9342683742,0.9009276847,0.8713634256,0.8053471309,0.7831971157,0.7315691326,0.8662815206,0.8584043338,0.8292881459,0.9126652062,0.8334703282,0.7941357099,0.9198807971,0.8925370657,0.8530124234,0.8432413758,0.1713399866,0.1689983766,0.1692552225,0.1553888092,0.1470428335,0.0711065169,0.1713499101,0.1677810996,0.1634169218,0.1633075655,0.1569363258,0.116740521,0.1671170198,0.1644402071,0.1645802659,0.1689645043,0.0458487067,0.0468956553,0.0485604564,0.0482365936,0.046936726,0.0242993156,0.0494498342,0.0488642394,0.0492642161,0.0447336998,0.0470731592,0.0367508096,0.0454181184,0.0460597698,0.0482350143,0.050093754
26,0.9309793435,0.9125490531,0.9016989962,0.3838338754,0.3798628958,0.3050306888,0.379085064,0.3599275348,0.6573344001,0.935843204,0.9042418666,0.8582121602,0.9192363342,0.9008604242,0.8872175331,0.8957296998,0.168740039,0.1524925512,0.1629835982,0.1547560225,0.1515487595,-0.107158068,0.1480013881,0.0863562613,0.0625197479,0.1466991847,0.1360853382,-0.184140908,0.1647968137,0.1469088689,0.1566447157,0.1612132886,0.0453125089,0.0417765354,0.0451879172,0.1007962249,0.0997391172,-0.087825645,0.0976043388,0.0599816997,0.023777756,0.0391890394,0.0376241532,-0.053640847,0.0448189458,0.0407690428,0.0441393204,0.0449949601
27,0.9491728817,0.9142678769,0.8694501478,0.8644485228,0.845656151,0.5005738778,0.8834992362,0.8552695699,0.5313829025,0.9353506393,0.8368841296,0.7543762528,0.9336022443,0.9061501148,0.8495543655,0.8432192476,0.163513413,0.1595211448,0.1419436141,0.1552615895,0.1489999862,0.0681840603,0.1132791469,-0.146313837,-0.623749897,0.1349822094,0.1233465816,-0.09841559,0.1625785428,0.1584145854,0.1393633885,0.1398780983,0.0430673422,0.0436199141,0.04081419,0.0449019188,0.044048632,0.0340529457,0.0320541157,-0.042768339,-0.29345595,0.0360779701,0.0368469712,-0.032614889,0.0435352806,0.0437053924,0.0410107328,0.0414714497
28,0.9489296836,0.8960654281,0.8164383376,0.7610879459,0.7492278366,0.6201265396,0.9267947668,0.8935628745,0.6803600711,0.9199518725,0.7996916682,0.6923028829,0.934738035,0.8908187805,0.7934501283,0.7965708983,0.162516747,0.1473858532,0.1477887731,0.1611423326,0.1589786218,0.0128963398,0.1258743457,-0.051381037,-0.100654999,0.1460524323,0.1380696559,-0.099672776,0.1571675462,0.1392466156,0.1322661383,0.143421554,0.0428158034,0.0411202822,0.0452541136,0.0529315743,0.053047489,0.0051990759,0.0339542125,-0.014375328,-0.03698593,0.0396902373,0.0431634033,-0.035993197,0.0420351853,0.0390782667,0.0416743704,0.0450121748
29,0.9403468468,0.922771263,0.8975217883,0.6080593885,0.6031360238,0.5187180428,0.92829862,0.9170556714,0.865493647,0.9272831084,0.8710823585,0.8070170611,0.9271731142,0.9113102099,0.8799491645,0.8755157615,0.1654448888,0.162787337,0.1524872976,0.16386779,0.1622367202,0.0821244672,0.1631505298,0.1589231297,0.1267466072,0.1495361177,0.1391557363,-0.034234838,0.1629250818,0.1603308513,0.1463540382,0.1505215361,0.0439850703,0.044102841,0.0424745392,0.067373267,0.0672471523,0.0395804948,0.0439380514,0.0433242862,0.0366110738,0.0403156588,0.0399375946,-0.010605364,0.0439305992,0.04398361,0.0415802538,0.0429808185
30,0.9372153092,0.9019220599,0.8826134023,0.8734713046,0.8611429355,0.7898390552,0.8474082949,0.8322016513,0.7105479194,0.9288726535,0.8340615454,0.7813746837,0.9207751788,0.8922609413,0.8591128393,0.8465871923,0.1686261702,0.1659145782,0.1628767363,0.1641147059,0.1634136438,-0.079784368,0.1229898396,0.0819561221,-0.607842342,0.1625201254,0.1601673469,0.1272628364,0.1618133224,0.1571747656,0.1463776601,0.1611697367,0.044980638,0.0459891673,0.0461347901,0.0469719798,0.0474409175,-0.025253362,0.0362841149,0.0246202714,-0.213863951,0.0437412289,0.0480082518,0.0407176093,0.0439339934,0.0440383408,0.0425955862,0.0475939567
31,0.94989751,0.9279373674,0.8816802493,0.9223388313,0.9040555099,0.6603374207,0.9315375747,0.9150677375,0.7703031236,0.9043332624,0.8210078422,0.7613663782,0.9416582751,0.9215021208,0.8707216514,0.8458647468,0.1731697466,0.1700725548,0.1646808496,0.154799473,0.1476958057,-1.049540639,0.1614602627,0.1299130806,0.1133913809,0.1603237106,0.1496524513,-0.030075422,0.1701418498,0.1670509481,0.1647576806,0.1674375651,0.0455759029,0.0458200523,0.0466951737,0.0419584072,0.0408425711,-0.39735013,0.0433316559,0.0354927497,0.0368008961,0.0443209703,0.0455697387,-0.009875476,0.0451708051,0.0453202831,0.0473049224,0.0494870976
32,0.946132727,0.9218612414,0.8963214664,0.6164385834,0.6034057566,0.5477528657,0.9169145833,0.9063571458,0.8640335516,0.9284727868,0.8576570806,0.7997471868,0.9317529094,0.9088304749,0.8758403241,0.8667487024,0.1602317768,0.1485930095,0.1230341472,0.1340633247,0.1303109938,-0.136448105,0.1614304305,0.1591530946,-0.448773912,0.1329686954,0.1143588238,-0.434694623,0.1576916085,0.1498702104,0.1167150632,0.1212145373,0.0423386096,0.0402970108,0.0343164121,0.0543701061,0.0539897873,-0.062276308,0.0440145771,0.0438991118,-0.12984852,0.0358030675,0.0333346586,-0.135885012,0.0423104685,0.0412261182,0.033315166,0.0349624225
33,0.9287449263,0.9082086016,0.8986751376,0.805714173,0.7917367221,0.704225943,0.8801003645,0.8318917537,0.8082325197,0.9248557964,0.8486217154,0.8234882966,0.9103934868,0.8896989248,0.8753997548,0.8620107351,0.1601954362,0.1416373979,0.1133633755,0.1486563026,0.1459975824,-1.03764025,0.1367897553,-0.044804008,-0.060084382,0.1387596109,0.1180576729,-0.315174099,0.1565820228,0.1407318644,0.1072310111,0.1114412456,0.0431214835,0.0389881239,0.0315362501,0.0461256323,0.0461004202,-0.36836198,0.0388562943,-0.013464495,-0.018585116,0.0375084449,0.0347792399,-0.095682629,0.0429984466,0.0395448001,0.030623441,0.0323201443
34,0.9500987038,0.9343282029,0.8633786521,0.9489760467,0.9361111864,0.8100183756,0.8924460503,0.8835065912,0.7384211527,0.8832688431,0.8107467031,0.7608425949,0.9364405826,0.9227274982,0.8445789071,0.8276628051,0.1732301837,0.1725819137,0.1727854293,0.1710435616,0.170367726,0.1501449407,0.1726893755,0.1725854684,0.1691003802,0.1713322889,0.1703079271,0.1676827286,0.1680145655,0.1670050836,0.1640277888,0.1720744622,0.0455821545,0.0461780756,0.0500317644,0.0450600313,0.0454987956,0.0463399798,0.0483752983,0.0488353653,0.0572506555,0.0484938109,0.0525157631,0.0550977067,0.0448545718,0.0452476717,0.0485531273,0.0519760164
35,0.9117787067,0.888482626,0.8573019808,0.6108283125,0.6013738544,0.5019243447,0.893359572,0.8869227717,0.7779013386,0.8869399251,0.8016335271,0.7527327687,0.8924400856,0.8726151611,0.833719193,0.8176763601,0.1728244857,0.1724100219,0.1709547947,0.1354559484,0.1349856411,-1.225695612,0.1701925873,0.1697763547,0.1576528809,0.1716619026,0.170650398,0.1599035361,0.1649686154,0.1641752302,0.160196539,0.1713848264,0.0473866313,0.0485124911,0.0498525603,0.0554394523,0.0561155262,-0.610498188,0.0476271237,0.0478554504,0.0506660913,0.0483860005,0.0532195798,0.0531076707,0.0462127985,0.047035405,0.0480367192,0.0523999576
36,0.927289996,0.9045375407,0.884167104,0.9081960533,0.8781203933,0.7344778761,0.8948553343,0.8865684675,0.8501877171,0.9076430223,0.8173338265,0.7518965156,0.906564903,0.8828630256,0.8562060374,0.836769932,0.1617383911,0.1504828707,0.1524419268,0.1484063476,0.1439925985,-1.006316624,0.1604269845,0.1581892955,0.1443812411,0.1510327893,0.1438589665,0.0725105331,0.1544045674,0.1316468606,0.1377771342,0.1528808226,0.0436051267,0.041591107,0.0431032568,0.0408519579,0.0409945492,-0.342527888,0.0448192513,0.0446071853,0.0424556949,0.0416002728,0.0440025121,0.024109213,0.0425795679,0.0372783934,0.040228966,0.0456758832
37,0.9404291129,0.9116905155,0.8734148292,0.7908873538,0.7720855696,0.6559420483,0.8902857164,0.8789358745,0.7704099749,0.8814139089,0.8208465952,0.7371911964,0.9035377204,0.8744974604,0.856031308,0.8384389516,0.1663433234,0.1649272745,0.1638280073,0.160667866,0.1562803293,0.0335333648,0.1682295407,0.1675660314,0.1495436174,0.1615158745,0.1584101399,0.1203427676,0.1621429245,0.159567064,0.1560750804,0.163337869,0.044220059,0.0452256746,0.0468929545,0.0507872155,0.050603306,0.0127806126,0.0472403234,0.0476616202,0.0485272849,0.0458115855,0.0482459636,0.0408112468,0.0448633524,0.0456167889,0.0455810082,0.0487029702
38,0.9222009471,0.9079095695,0.8929391351,0.9277504311,0.9190119427,0.8196365711,0.9230816241,0.9166384697,0.8663117374,0.9184630877,0.8623973484,0.8276713601,0.910620958,0.8969893713,0.8796310368,0.8710141926,0.1682746864,0.1668786534,0.1677011978,0.1586477465,0.1579614896,0.0711681431,0.1696099596,0.1687828773,0.1644891103,0.1555668407,0.1492856495,0.0577131064,0.166647227,0.1661155218,0.164785808,0.1662144937,0.0456176842,0.0459513422,0.0469520237,0.0427506529,0.0429704671,0.0217072254,0.0459357968,0.0460331098,0.0474682216,0.0423443366,0.0432763533,0.0174323739,0.0457509861,0.0462980742,0.0468337863,0.0477071715
39,0.9166366222,0.8967545683,0.8794148034,0.7142105748,0.7016126436,0.6059469792,0.8708120551,0.8599050583,0.8312493922,0.9058323809,0.8410456465,0.7886901303,0.9016997105,0.8836110077,0.8603899492,0.8507177979,0.159825582,0.1551631222,0.1015468898,0.1648461138,0.163237964,0.0958649093,0.1726655602,0.1720916673,0.169004354,0.1246490514,0.1137817091,-0.093938405,0.1601078175,0.1572701766,0.0950841085,0.0968586674,0.0435902238,0.043256853,0.0288677452,0.0577022098,0.0581652731,0.0395516904,0.0495702716,0.0500321709,0.0508284143,0.0344017983,0.0338215023,-0.029776715,0.0443905592,0.04449644,0.0276282018,0.0284638066
40,0.9478204412,0.925042864,0.8820389549,0.7072764543,0.7000336313,0.6650020433,0.9405538447,0.9307167383,0.8272978012,0.9070989933,0.8336634639,0.7826835448,0.9301000619,0.9088836455,0.860863015,0.8472632395,0.1664020322,0.1655101857,0.156558464,0.1657332667,0.1640437865,0.1011579447,0.1675659801,0.1672836241,0.1331689097,0.1574044953,0.1512779207,-0.039157289,0.1617669297,0.1608868689,0.1493032783,0.1552111183,0.0438907057,0.0447304098,0.044374022,0.0585815015,0.0585842519,0.0380291857,0.0445391779,0.0449340861,0.0402421321,0.0433812893,0.0453654044,-0.012507382,0.0434810555,0.0442539784,0.0433586052,0.0457977849
41,0.9378359745,0.916604064,0.8879261488,0.80296441,0.7826126153,0.6548209291,0.9327539017,0.9187123253,0.8532768865,0.902775013,0.8281127034,0.7287412755,0.9196095446,0.8998439052,0.8614750061,0.8447938547,0.1687758436,0.1675636659,0.1681603422,0.1493195726,0.1418170029,-0.07956171,0.1672242549,0.166722744,0.1444991057,0.1700726319,0.1689465023,0.1668175187,0.1566540644,0.1540217378,0.1339197007,0.1642890752,0.0449907681,0.0457023028,0.0473463763,0.0464900968,0.0453024268,-0.030375369,0.0448200363,0.0453685935,0.0423365229,0.0470971808,0.051003475,0.0572279642,0.0425871135,0.0427912377,0.0388634899,0.0486180961
42,0.9363231009,0.9214176511,0.9104758415,0.8777597361,0.8612071811,0.8299953628,0.9107094675,0.8914351837,0.7623149089,0.9359793144,0.8735232065,0.8168558315,0.9229473384,0.9096790383,0.8909363908,0.8822297987,0.1645414598,0.1615459822,0.1516737582,0.1613718745,0.1585575924,0.1155665679,0.0999569872,0.080182445,-0.676876574,0.1416448742,0.1269308558,-0.249085792,0.1622132799,0.159043383,0.143991222,0.1496694363,0.0439328742,0.0438308247,0.0416468377,0.0459612887,0.0460277143,0.0348094017,0.0274393181,0.0224868971,-0.22198063,0.0378333346,0.0363272707,-0.076233095,0.0439389316,0.0437086533,0.0404044619,0.0424122594
43,0.9231105395,0.9094064158,0.8957639073,0.8148624906,0.8031730988,0.7064318206,0.9159272835,0.9091961308,0.8924273975,0.9252636882,0.8866267609,0.8511523311,0.9121681723,0.9002737188,0.8818585909,0.8842426759,0.1691248047,0.1679922437,0.169104369,0.1535442534,0.1507252043,-0.934664305,0.1713745935,0.1709942166,0.1655923152,0.1628343225,0.1598016355,0.1511677916,0.166547082,0.1660249493,0.1641287162,0.1670590991,0.0458029666,0.0461818393,0.0471955745,0.0471074124,0.0469155418,-0.330769466,0.0467762552,0.0470179675,0.0463881756,0.0439967343,0.0450588801,0.0444009216,0.0456459365,0.0461040198,0.0465292049,0.0472322541
44,0.9439326314,0.9284160604,0.8905245009,0.5648690794,0.5577153616,0.438126797,0.787816967,0.7582935814,0.6191853148,0.9171896328,0.8921310536,0.7687376574,0.9237512151,0.905513399,0.8675761017,0.8798535777,0.150374561,0.1420889741,-0.145800308,0.148096974,0.1434305277,-1.748591575,0.1312359291,0.0785943354,-0.223602438,0.1405933329,0.1341899756,-0.142818545,0.1480872428,0.1390133062,-0.15826474,-0.154357236,0.0398266137,0.0382611256,-0.040931021,0.0655448224,0.0642937857,-0.997765708,0.0416454375,0.0259115787,-0.090280903,0.0383217734,0.0376037733,-0.046445801,0.0400776855,0.0383796933,-0.045605435,-0.043858785
45,0.9471157706,0.9268364317,0.889944265,0.7579025775,0.7389444388,0.6644577967,0.9422360107,0.9269782852,0.8632758092,0.9198453743,0.8453992364,0.7861719257,0.9302334213,0.9105248865,0.8675142844,0.8564567604,0.1643463022,0.161012597,0.1509266781,0.1389184087,0.1332653616,-0.4511696,0.1546428424,0.1504967529,0.0230499826,0.1470822143,0.1362235206,-0.072607833,0.1607536928,0.1564002631,0.141442794,0.1481969285,0.0433807321,0.0434306938,0.0423977894,0.0458233066,0.0450863944,-0.169751037,0.0410308141,0.0405879931,0.0066751502,0.0399747116,0.0402837839,-0.023089044,0.0432025149,0.0429423362,0.0407609409,0.0432587304
46,0.9005353229,0.8838967012,0.8650137119,0.8234986018,0.8029092875,0.7601751671,0.895296665,0.888530001,0.8414944333,0.8888949325,0.8417746899,0.7931856556,0.8872549587,0.8721254408,0.8466235345,0.8441991122,0.1707048845,0.1699221294,0.1694647222,0.1629779587,0.1594667513,0.1454012716,0.1529788371,0.1514764954,-0.47495458,0.1688180276,0.166463785,0.1553565157,0.1644053436,0.1621757091,0.157531961,0.1681209729,0.0473898358,0.0480605169,0.048977467,0.0494773028,0.049652792,0.0478183443,0.0427173593,0.0426199721,-0.141104493,0.0474797475,0.0494383435,0.0489660001,0.0463241546,0.0464886419,0.0465177126,0.0497871209
47,0.9485877353,0.9154009343,0.8582317568,0.7078972435,0.6989073403,0.5704632919,0.7666581791,0.7555810477,0.672012238,0.8967930662,0.780855565,0.7148820463,0.929087612,0.9019452034,0.8295974627,0.8052265138,0.1516798072,0.1428948195,0.1016237594,0.1626179986,0.1580044007,0.0261181692,0.1517206915,0.1482088157,-0.062057588,0.1296546591,0.1185910949,-0.349813872,0.1475769041,0.1407339802,0.0832534355,0.1015402992,0.0399751656,0.0390252004,0.0296026565,0.0574299448,0.056518365,0.0114460341,0.0494746863,0.0490380271,-0.02308648,0.0361439735,0.0379683197,-0.122332724,0.0397101689,0.0390084618,0.0250885035,0.0315253837
48,0.951101698,0.8867895616,0.8075334175,0.8042020797,0.7986903165,0.3269043315,0.9446464128,0.9158227238,0.7678177179,0.8924078467,0.8046603023,0.6940965457,0.9500576051,0.8919073724,0.8028315776,0.80374594,0.1446807347,-0.068349456,-0.312751138,0.1200384897,0.1144090491,-1.918139048,0.1475608955,-0.158667111,-0.27385852,0.1532955266,0.147437267,-0.27964615,0.1451566267,-0.081462728,-0.356481941,-0.365703137,0.0380297751,-0.019268792,-0.096822971,0.0373160219,0.0358114549,-1.466896324,0.0390518858,-0.043312725,-0.089167817,0.0429443575,0.0458073011,-0.100723074,0.0381967961,-0.022833853,-0.111007698,-0.113749606
49,0.96144051,0.9344850141,0.9027129264,0.7809936853,0.7786958233,0.1764008319,0.957962921,0.931552697,0.8657167908,0.9426337149,0.9020914307,0.7720583604,0.9534393796,0.9258852412,0.8891246052,0.8956080179,0.16509307,0.1132126693,0.1415445992,0.1402047475,0.1396793076,-0.230970058,0.1630836293,0.0808442552,0.1318468227,0.1617439391,0.1555997156,0.0415453368,0.1609225454,0.0501398722,0.1316091152,0.1423931177,0.0429285713,0.0302874491,0.0391997819,0.0448802436,0.044843989,-0.327336974,0.0425600057,0.0216961036,0.0380744673,0.0428968157,0.0431219359,0.0134527838,0.0421952745,0.0135383604,0.0370052506,0.0397476114
