File,input-type,frame_type,compression_ratio,peaq,desirability,,,,,,,
0,mixture,lossless,0.94793904815769492,0.15945927430939788,0.042054200272502895,,,,,,,
0,mixture,all-iframe,0.92582048512953741,0.15404811934325169,0.041597729208189271,,,,,,,
0,mixture,with-pframe,0.8934601303345584,0.12924931480674173,0.036165383999380026,,,,,,,
0,vocals,lossless,0.87923367492501081,0.15402716459187582,0.043795855693599513,,,,,,,
0,vocals,all-iframe,0.86415321348153928,0.14744628643341118,0.042656291770117059,,,,,,,
0,vocals,with-pframe,0.82217631271017999,0.04155111334608419,0.012634489921364076,,,,,,,
0,drums,lossless,0.55831228245230979,0.056650879100572649,0.025367021683519779,,,,,,,
0,drums,all-iframe,0.53208167151349584,-0.021425461246078914,-0.010066810413303005,,,,,,,
0,drums,with-pframe,0.51291831077187777,-0.53269128251120268,-0.25963748579650486,,,,,,,
0,repet-fg,lossless,0.94026958118436132,0.142220585517149,0.037813779250948511,,,,,,,
0,repet-fg,all-iframe,0.8944995762983452,0.12494633183811965,0.034920735333150654,,,,,,,
0,repet-fg,with-pframe,0.79345285123353382,-0.11288882059399352,-0.035568849623040612,,,,,,,
0,repet-bg,lossless,0.93524289490491919,0.15577242680456704,0.041639564345581991,,,,,,,
0,repet-bg,all-iframe,0.91430299869974641,0.15097851594053546,0.041282407515682948,,,,,,,
0,repet-bg,with-pframe,0.87269826612457768,0.11494827585206524,0.032928985972013027,,,,,,,
0,sum,with-pframe,0.88359892121146144,0.12699997909237526,0.035932586619235422,,,,,,,
1,mixture,lossless,0.93977977396006918,0.12638498107624718,0.033620903688872439,,,,,,,
1,mixture,all-iframe,0.91318899890620697,0.1120986658893286,0.030688791154842354,,,,,,,
1,mixture,with-pframe,0.82092059652594096,-0.63843085068602878,-0.19442527492543382,,,,,,,
1,vocals,lossless,0.9038510846415585,0.12707880826044393,0.035149265852471634,,,,,,,
1,vocals,all-iframe,0.88808898044371387,0.11601042737483747,0.032657320924327715,,,,,,,
1,vocals,with-pframe,0.68236616586655885,-1.4161164851617558,-0.51882572583423148,,,,,,,
1,drums,lossless,0.75376896044201525,0.094938637606490683,0.031487976617801436,,,,,,,
1,drums,all-iframe,0.74050168535047034,0.069852356198363719,0.023582780964672437,,,,,,,
1,drums,with-pframe,0.47854153881489936,-2.0759976654357892,-1.0845441289051756,,,,,,,
1,repet-fg,lossless,0.88748845097290963,0.10378623746745452,0.02923594029693536,,,,,,,
1,repet-fg,all-iframe,0.81664202342543446,0.079675145970706129,0.024391086818097436,,,,,,,
1,repet-fg,with-pframe,0.66979203177941349,-0.41882574257114813,-0.15632678603926811,,,,,,,
1,repet-bg,lossless,0.92177545381645254,0.12437983563471322,0.033733767567724851,,,,,,,
1,repet-bg,all-iframe,0.89655780175908084,0.11312027858707774,0.031542940780039892,,,,,,,
1,repet-bg,with-pframe,0.77779512374854798,-0.86829971388636684,-0.27909011234913511,,,,,,,
1,sum,with-pframe,0.79721857358699122,-0.70720582865668824,-0.22177287762962508,,,,,,,
2,mixture,lossless,0.9532998445038694,0.16369854383301385,0.042929447848123879,,,,,,,
2,mixture,all-iframe,0.91705738400323888,0.15406924381230391,0.042000982299423853,,,,,,,
2,mixture,with-pframe,0.85415378386811458,0.13687826027528027,0.040062534071854831,,,,,,,
2,vocals,lossless,0.67767856912615299,0.15384983757671167,0.0567561985083491,,,,,,,
2,vocals,all-iframe,0.66478425234211214,0.15119332925879947,0.056858044066976546,,,,,,,
2,vocals,with-pframe,0.57313140325587753,-0.046237234501332658,-0.020168688296726345,,,,,,,
2,drums,lossless,0.74812050821189768,0.14804665869784239,0.049472864689838726,,,,,,,
2,drums,all-iframe,0.73716770115861374,0.11170510098729958,0.037883205141696921,,,,,,,
2,drums,with-pframe,0.67899977049493154,-0.051074074608477016,-0.01880489391448854,,,,,,,
2,repet-fg,lossless,0.91559835065795747,0.14601791332244973,0.03986953264428663,,,,,,,
2,repet-fg,all-iframe,0.8342003811331361,0.12827452395148553,0.038442359549525684,,,,,,,
2,repet-fg,with-pframe,0.73870125918342611,-0.28042772929841542,-0.094905662408239749,,,,,,,
2,repet-bg,lossless,0.93448507056636176,0.15870752234697649,0.042458549458363443,,,,,,,
2,repet-bg,all-iframe,0.9049957322372103,0.14641545771740505,0.040446449773706719,,,,,,,
2,repet-bg,with-pframe,0.82645716378152145,0.11840130866856979,0.035815924241861204,,,,,,,
2,sum,with-pframe,0.83032877245732883,0.1311933124232163,0.039500411395763844,,,,,,,
3,mixture,lossless,0.91378623199691256,0.1691167398557174,0.046268135241582631,,,,,,,
3,mixture,all-iframe,0.8911697768538237,0.16798791135474245,0.047125675633829613,,,,,,,
3,mixture,with-pframe,0.86083658976707045,0.16484196956059938,0.047872607739990219,,,,,,,
3,vocals,lossless,0.72602075218205531,0.16354026234158736,0.056313907643158655,,,,,,,
3,vocals,all-iframe,0.71762877930975766,0.16240833381309328,0.056578114791223856,,,,,,,
3,vocals,with-pframe,0.67328135795140875,-0.0061115188842539858,-0.0022693034687791915,,,,,,,
3,drums,lossless,0.82089154644337514,0.16586815332213822,0.050514636811886011,,,,,,,
3,drums,all-iframe,0.81406534641305794,0.16482873898510819,0.050619013483185982,,,,,,,
3,drums,with-pframe,0.63310048089316617,0.13431849776977911,0.053039960410504315,,,,,,,
3,repet-fg,lossless,0.88303032406521587,0.16674583091615114,0.047208410167756648,,,,,,,
3,repet-fg,all-iframe,0.80329464176855725,0.16451767163216369,0.051200911557793015,,,,,,,
3,repet-fg,with-pframe,0.7280662019407188,0.13775752205940917,0.047302539828179585,,,,,,,
3,repet-bg,lossless,0.89274474572822049,0.16047951273766126,0.044939920818788066,,,,,,,
3,repet-bg,all-iframe,0.8701888064113551,0.15727115685643378,0.045183055590262519,,,,,,,
3,repet-bg,with-pframe,0.83371556197102414,0.14887874162941506,0.044643145822252671,,,,,,,
3,sum,with-pframe,0.81850510186979075,0.16404095431824617,0.050103827680338053,,,,,,,
4,mixture,lossless,0.93901739032497789,0.16812366524446754,0.044760530256602281,,,,,,,
4,mixture,all-iframe,0.9292706982500214,0.16759267387680898,0.045087151190825014,,,,,,,
4,mixture,with-pframe,0.92148729864435341,0.13469734789219912,0.036543462967519792,,,,,,,
4,vocals,lossless,0.89950604457065164,0.15655422019274434,0.043511164026549184,,,,,,,
4,vocals,all-iframe,0.88594652589279943,0.15448287415192707,0.043592606787483383,,,,,,,
4,vocals,with-pframe,0.86113612688826402,0.090088689468042826,0.026154021023824785,,,,,,,
4,drums,lossless,0.94047691203337036,0.15989130116480732,0.042502718333380519,,,,,,,
4,drums,all-iframe,0.9354395436639773,0.15907407520296291,0.042513189730010094,,,,,,,
4,drums,with-pframe,0.88967318564500975,-1.0885576499010789,-0.30588694462896471,,,,,,,
4,repet-fg,lossless,0.94636916411822358,0.14017395877058147,0.037029407784325924,,,,,,,
4,repet-fg,all-iframe,0.88696752391752043,0.13177942411800592,0.037143249488991482,,,,,,,
4,repet-fg,with-pframe,0.85401548832179086,-0.19350368507358251,-0.056645250501789146,,,,,,,
4,repet-bg,lossless,0.92214338797201223,0.16688084631585332,0.045242651113852124,,,,,,,
4,repet-bg,all-iframe,0.91353914168770334,0.16620776995876385,0.045484578157129085,,,,,,,
4,repet-bg,with-pframe,0.90135682258268057,0.13678041194673574,0.037937365236448577,,,,,,,
4,sum,with-pframe,0.8941621732501005,0.13871016664326019,0.038782161332959461,,,,,,,
5,mixture,lossless,0.9011595863089652,0.16936021141022684,0.046983967652140468,,,,,,,
5,mixture,all-iframe,0.87788417161569887,0.16816530585774858,0.04788937746429843,,,,,,,
5,mixture,with-pframe,0.86475798355063827,0.16700937159165941,0.048282113252638079,,,,,,,
5,vocals,lossless,0.84941774840476925,0.15003059453181278,0.044156893005112774,,,,,,,
5,vocals,all-iframe,0.82309292441897397,0.1408245093203333,0.042772968015653313,,,,,,,
5,vocals,with-pframe,0.71000639049553749,-1.7485670112155227,-0.61568706796960615,,,,,,,
5,drums,lossless,0.78142307894249052,0.17062761437593332,0.054588742953063846,,,,,,,
5,drums,all-iframe,0.77548938925369859,0.170254763460576,0.054886232429441323,,,,,,,
5,drums,with-pframe,0.8235025920232808,0.1661307148791642,0.050434180926800166,,,,,,,
5,repet-fg,lossless,0.9030820289576762,0.15999065554041847,0.044290178081906162,,,,,,,
5,repet-fg,all-iframe,0.83625015120498403,0.15211757303495999,0.045476097318418451,,,,,,,
5,repet-fg,with-pframe,0.81581499703971827,0.12003286275125058,0.036783113569499239,,,,,,,
5,repet-bg,lossless,0.88771902241372758,0.16610680774719411,0.046779105649765743,,,,,,,
5,repet-bg,all-iframe,0.86917984095991452,0.16588953573402376,0.047714387724068941,,,,,,,
5,repet-bg,with-pframe,0.84889284592291891,0.16133937723053959,0.047514647462699171,,,,,,,
5,sum,with-pframe,0.84257149856395153,0.16610524452275088,0.049285207488579508,,,,,,,
6,mixture,lossless,0.92291191176092546,0.14873945887271001,0.040290805920175407,,,,,,,
6,mixture,all-iframe,0.90124107879280813,0.13541126800684422,0.037562443388683669,,,,,,,
6,mixture,with-pframe,0.87655245188208319,-0.025832752318389662,-0.0073677143515265562,,,,,,,
6,vocals,lossless,0.41945988503671622,0.08566686206496632,0.051057839569967289,,,,,,,
6,vocals,all-iframe,0.41234700030941407,0.08477280107460361,0.051396518594164858,,,,,,,
6,vocals,with-pframe,0.36378579129632732,-0.52965545783661216,-0.36398855487814608,,,,,,,
6,drums,lossless,0.89231507088184259,0.1516028683768007,0.042474590344803068,,,,,,,
6,drums,all-iframe,0.88702096179773615,0.14853468281992965,0.041863351943479614,,,,,,,
6,drums,with-pframe,0.85542293870287045,-0.54337326467684033,-0.15880251747188065,,,,,,,
6,repet-fg,lossless,0.91564679778101477,0.13121464556764328,0.035825671505003299,,,,,,,
6,repet-fg,all-iframe,0.85728360449136687,0.12222336126930733,0.03564262766398741,,,,,,,
6,repet-fg,with-pframe,0.80254874820476341,-0.52040487306894478,-0.16211005070814963,,,,,,,
6,repet-bg,lossless,0.91015175537517934,0.14953991876591699,0.041075545337017509,,,,,,,
6,repet-bg,all-iframe,0.89493332110956691,0.14095484765351474,0.039375796031025645,,,,,,,
6,repet-bg,with-pframe,0.85823995418565402,-0.027811486043065159,-0.0081013141800926319,,,,,,,
6,sum,with-pframe,0.8577617793385105,-0.027838752651553111,-0.0081137774269395124,,,,,,,
7,mixture,lossless,0.93810922699428922,0.16880412636363706,0.044985200418635435,,,,,,,
7,mixture,all-iframe,0.87150483668699585,0.16648899875121215,0.047759057592874632,,,,,,,
7,mixture,with-pframe,0.86928606134088038,0.16666981580582041,0.047932959936321462,,,,,,,
7,vocals,lossless,0.55152955305056006,0.16565614759458347,0.075089424799779203,,,,,,,
7,vocals,all-iframe,0.54729333093488797,0.16541684303545479,0.075561327758593949,,,,,,,
7,vocals,with-pframe,0.50622006077626414,0.083284139734986606,0.041130402658912005,,,,,,,
7,drums,lossless,0.85491891483577154,0.16926526639590689,0.049497462115580419,,,,,,,
7,drums,all-iframe,0.8452290568668408,0.16858048034151585,0.049862365406136998,,,,,,,
7,drums,with-pframe,0.81672826019461975,0.16319066795632109,0.049952559471076116,,,,,,,
7,repet-fg,lossless,0.93161918107601005,0.1612476597285224,0.043270808234723949,,,,,,,
7,repet-fg,all-iframe,0.82210955859429768,0.14495756792700787,0.044080976316242686,,,,,,,
7,repet-fg,with-pframe,0.78600340690201731,0.092296430614352776,0.029356243816465542,,,,,,,
7,repet-bg,lossless,0.92611289251870688,0.16499628122336629,0.044540002238451039,,,,,,,
7,repet-bg,all-iframe,0.86543393189908857,0.16309425863470262,0.047113434262050564,,,,,,,
7,repet-bg,with-pframe,0.85557219245859639,0.16104515001114672,0.047057732658527279,,,,,,,
7,sum,with-pframe,0.83884087552644704,0.16564273803667851,0.049366555347199491,,,,,,,
8,mixture,lossless,0.94262462085196774,0.16781899368970565,0.044508436862710693,,,,,,,
8,mixture,all-iframe,0.93086894896908601,0.16675789957357923,0.044785546815762682,,,,,,,
8,mixture,with-pframe,0.90785787610449664,0.16566178528774111,0.045618865476657784,,,,,,,
8,vocals,lossless,0.93030253071686053,0.16227376530742665,0.043607794225385972,,,,,,,
8,vocals,all-iframe,0.91803964498565205,0.16069132555496646,0.043759364432861145,,,,,,,
8,vocals,with-pframe,0.72198129494295926,0.047725411722702393,0.016525847711356907,,,,,,,
8,drums,lossless,0.9460317143727085,0.16750991683071215,0.044266464402248941,,,,,,,
8,drums,all-iframe,0.94033142852526252,0.167143217266148,0.044437315449586082,,,,,,,
8,drums,with-pframe,0.89190020636963641,0.12797402634862687,0.035871172984006938,,,,,,,
8,repet-fg,lossless,0.93349982099819884,0.15698976452175151,0.042043330108483871,,,,,,,
8,repet-fg,all-iframe,0.90289745595268089,0.15228009807503851,0.042164283737615056,,,,,,,
8,repet-fg,with-pframe,0.87619033673041213,0.088488750049603215,0.025248152809984024,,,,,,,
8,repet-bg,lossless,0.9313362724301375,0.16559101066209392,0.04444984469197602,,,,,,,
8,repet-bg,all-iframe,0.9200161126868095,0.16489376502271957,0.044807303575685437,,,,,,,
8,repet-bg,with-pframe,0.89285997413689067,0.16081000846245042,0.045026659588448384,,,,,,,
8,sum,with-pframe,0.89787871504478578,0.16403385531077808,0.045672609385387912,,,,,,,
9,mixture,lossless,0.94730552095387799,0.15803310038129892,0.041705948314903034,,,,,,,
9,mixture,all-iframe,0.92680576359851974,0.15407938013028,0.041561939454291416,,,,,,,
9,mixture,with-pframe,0.82759926050466459,0.090118849279381852,0.027222972995537709,,,,,,,
9,vocals,lossless,0.93657397725917746,0.13778106990045691,0.036777946335767357,,,,,,,
9,vocals,all-iframe,0.92086296322203087,0.1250204198878504,0.033941103313139362,,,,,,,
9,vocals,with-pframe,0.716026669527421,-1.0874283809067249,-0.37967453838850362,,,,,,,
9,drums,lossless,0.91394161089222559,0.15406269471548173,0.042142378922073502,,,,,,,
9,drums,all-iframe,0.90071503153655486,0.14854927093727932,0.041230929244032093,,,,,,,
9,drums,with-pframe,0.62323683965411447,-0.038291758558337108,-0.015360034950592925,,,,,,,
9,repet-fg,lossless,0.85936233205602097,0.11866990283642798,0.034522662446849019,,,,,,,
9,repet-fg,all-iframe,0.77287183977552742,0.094799641120152156,0.030664735160905114,,,,,,,
9,repet-fg,with-pframe,0.69459040171007391,-0.50367529701682567,-0.18128500472248921,,,,,,,
9,repet-bg,lossless,0.93322533623226334,0.15418683402310629,0.041304824257560636,,,,,,,
9,repet-bg,all-iframe,0.91546144704638588,0.15049263836247517,0.041097481179578774,,,,,,,
9,repet-bg,with-pframe,0.80752680416892131,0.079722432824099076,0.024681048484250206,,,,,,,
9,sum,with-pframe,0.79019932197222431,0.086521670749962976,0.027373369080479999,,,,,,,
10,mixture,lossless,0.94568638778729164,0.16419635087470796,0.043406660229849847,,,,,,,
10,mixture,all-iframe,0.92618800700097426,0.16077005032286484,0.043395630559783238,,,,,,,
10,mixture,with-pframe,0.89979592548033061,0.15042761320496334,0.041794925089447869,,,,,,,
10,vocals,lossless,0.67342659745483091,0.1543221087884894,0.057289877386688878,,,,,,,
10,vocals,all-iframe,0.66575773248926196,0.15396844975650614,0.057816996424817906,,,,,,,
10,vocals,with-pframe,0.62321247785890921,-0.54040962531706427,-0.2167838596451406,,,,,,,
10,drums,lossless,0.92115987914342956,0.1605374509905535,0.043569377755529923,,,,,,,
10,drums,all-iframe,0.90814139455908693,0.1492281740756245,0.041080655217813435,,,,,,,
10,drums,with-pframe,0.83389430672697873,0.071060363185960984,0.021303767939390223,,,,,,,
10,repet-fg,lossless,0.91971567337686533,0.14299789286588949,0.038870135903211429,,,,,,,
10,repet-fg,all-iframe,0.86879659000075959,0.132447699801991,0.038112402064640699,,,,,,,
10,repet-fg,with-pframe,0.77654933381909197,-0.075552201094619242,-0.024323052575118229,,,,,,,
10,repet-bg,lossless,0.93154502479374712,0.16079970219618156,0.043154033867494522,,,,,,,
10,repet-bg,all-iframe,0.91048924617867877,0.15719453009387907,0.043162105086255585,,,,,,,
10,repet-bg,with-pframe,0.88097719027873356,0.14669639514375143,0.041628885731234987,,,,,,,
10,sum,with-pframe,0.87488689013974652,0.15233685373806738,0.04353044246489237,,,,,,,
11,mixture,lossless,0.93332548815516214,0.1744589428198462,0.046730466764785011,,,,,,,
11,mixture,all-iframe,0.90656492244046916,0.17409665194282775,0.048009979107221649,,,,,,,
11,mixture,with-pframe,0.87927513868562324,0.17438069548559332,0.049580810321290553,,,,,,,
11,vocals,lossless,0.44760666818045458,0.14559151935565184,0.081316661315329192,,,,,,,
11,vocals,all-iframe,0.4416821774678748,0.14535888301914079,0.082275723605416073,,,,,,,
11,vocals,with-pframe,0.36461192058248793,-1.3717497230371039,-0.9405546319259509,,,,,,,
11,drums,lossless,0.91496893143701008,0.17489450104148085,0.047787005392303107,,,,,,,
11,drums,all-iframe,0.9046123017918497,0.17414135591314617,0.048125963898624911,,,,,,,
11,drums,with-pframe,0.82745287506443266,0.17207233539489275,0.051988560490980745,,,,,,,
11,repet-fg,lossless,0.9105233673051647,0.17254769017510307,0.047375964300011529,,,,,,,
11,repet-fg,all-iframe,0.84312770679364801,0.17217554769444865,0.051052630078194043,,,,,,,
11,repet-fg,with-pframe,0.76533588688358034,0.15530596892452975,0.050731310130029954,,,,,,,
11,repet-bg,lossless,0.91961347028141538,0.16904520175902826,0.045955503921473094,,,,,,,
11,repet-bg,all-iframe,0.89577785770283236,0.16764111614724042,0.04678646460885566,,,,,,,
11,repet-bg,with-pframe,0.86294015178762329,0.16770564058627668,0.048585536389419981,,,,,,,
11,sum,with-pframe,0.85303392929063571,0.17409756133826404,0.051023047079451975,,,,,,,
12,mixture,lossless,0.93098505129201736,0.1622615761775843,0.043572551447630205,,,,,,,
12,mixture,all-iframe,0.90556504194634535,0.15927913968105534,0.043972307979864747,,,,,,,
12,mixture,with-pframe,0.87993616590280976,0.12823050186678087,0.03643176256291758,,,,,,,
12,vocals,lossless,0.82774443450454338,0.15918135194558092,0.048076841507506143,,,,,,,
12,vocals,all-iframe,0.81729597662439835,0.15503214838380464,0.047422278103007282,,,,,,,
12,vocals,with-pframe,0.77701401414078775,0.060434734997957928,0.019444544724455805,,,,,,,
12,drums,lossless,0.81290977596926073,0.11484264333661853,0.035318385487395458,,,,,,,
12,drums,all-iframe,0.79029909509573937,0.048743258220770525,0.015419243968280646,,,,,,,
12,drums,with-pframe,0.71281425325830372,-0.89679953969473392,-0.31452778041243767,,,,,,,
12,repet-fg,lossless,0.92208885846077249,0.14206407178710867,0.038516914742971149,,,,,,,
12,repet-fg,all-iframe,0.8791457142098893,0.13266587702734567,0.037725793029252233,,,,,,,
12,repet-fg,with-pframe,0.78499596375814262,-0.19284504340588793,-0.061415934701959662,,,,,,,
12,repet-bg,lossless,0.91957960265105332,0.16172044364555438,0.043965863090952371,,,,,,,
12,repet-bg,all-iframe,0.89699302501126221,0.15903092867838664,0.044323345958122116,,,,,,,
12,repet-bg,with-pframe,0.86549958864934218,0.12509761437274269,0.036134510060242812,,,,,,,
12,sum,with-pframe,0.87232265142961574,0.13036553582925459,0.037361616030376937,,,,,,,
13,mixture,lossless,0.93790281265785602,0.16809541638501413,0.044806192634357415,,,,,,,
13,mixture,all-iframe,0.92660293174594177,0.16660280381789816,0.044949891185855247,,,,,,,
13,mixture,with-pframe,0.92057440033954119,0.16064935995733221,0.04362747864216051,,,,,,,
13,vocals,lossless,0.59022366053299458,0.15482769592628065,0.065580095427920204,,,,,,,
13,vocals,all-iframe,0.5817732744924532,0.15416349030154075,0.066247237996638397,,,,,,,
13,vocals,with-pframe,0.55599726841308117,-0.35925548363077597,-0.16153653265966461,,,,,,,
13,drums,lossless,0.94463573607753648,0.16395407065233281,0.043390818383901186,,,,,,,
13,drums,all-iframe,0.94079666789386474,0.16361158372355122,0.043476871599105446,,,,,,,
13,drums,with-pframe,0.89721519118052728,0.11751285480601004,0.03274377651012305,,,,,,,
13,repet-fg,lossless,0.94818377498062789,0.14322535997549179,0.037763080257943137,,,,,,,
13,repet-fg,all-iframe,0.8966775456685212,0.13366287127128595,0.037266147657247596,,,,,,,
13,repet-fg,with-pframe,0.8613698038049602,-0.079342767420714555,-0.023028078959301469,,,,,,,
13,repet-bg,lossless,0.91925054375691617,0.16606229759557989,0.045162414839836337,,,,,,,
13,repet-bg,all-iframe,0.90766052920123741,0.16508845891327306,0.045470870882353666,,,,,,,
13,repet-bg,with-pframe,0.89771105786930738,0.15642304797316653,0.043561635618155452,,,,,,,
13,sum,with-pframe,0.89719430176891435,0.15910311421783918,0.044333516693137266,,,,,,,
14,mixture,lossless,0.94044491921031503,0.15487303437105338,0.041170150214937404,,,,,,,
14,mixture,all-iframe,0.91191196191741819,0.11797204803501726,0.03234195102204962,,,,,,,
14,mixture,with-pframe,0.89558888077852983,0.099578375513205142,0.027796899238700431,,,,,,,
14,vocals,lossless,0.82330084609098209,0.1257213750088515,0.038176012937972299,,,,,,,
14,vocals,all-iframe,0.78716677134688273,0.12357473632690796,0.039246682159698273,,,,,,,
14,vocals,with-pframe,0.65806356958728507,-2.2084967191333167,-0.83901344079813223,,,,,,,
14,drums,lossless,0.75424876384385753,0.052739383941423856,0.017480765786293623,,,,,,,
14,drums,all-iframe,0.73790058370335165,-0.12359156064357002,-0.041872700528061885,,,,,,,
14,drums,with-pframe,0.59835995605855952,-1.3804984049283457,-0.57678425459057658,,,,,,,
14,repet-fg,lossless,0.91918109354046273,0.13590702773560581,0.036964159916552705,,,,,,,
14,repet-fg,all-iframe,0.83529550133740094,0.12233573518063556,0.036614507974950916,,,,,,,
14,repet-fg,with-pframe,0.78950388852648246,-0.40486157059726269,-0.12820125919610412,,,,,,,
14,repet-bg,lossless,0.91990932834101657,0.15007769796326587,0.040786002853650555,,,,,,,
14,repet-bg,all-iframe,0.89153133010158425,0.10636764715487645,0.029827231966922729,,,,,,,
14,repet-bg,with-pframe,0.86610713272400552,0.081646965404269078,0.023567224630595084,,,,,,,
14,sum,with-pframe,0.85070131703070329,0.10516181594486307,0.030904447260032747,,,,,,,
15,mixture,lossless,0.93885100952988598,0.164618031044935,0.043834972049336333,,,,,,,
15,mixture,all-iframe,0.92344820936704697,0.16438699423507108,0.044503577073300563,,,,,,,
15,mixture,with-pframe,0.9112693341459408,0.16131889847858316,0.044256646315705979,,,,,,,
15,vocals,lossless,0.24422671748637653,0.16226412268115409,0.16609988902033776,,,,,,,
15,vocals,all-iframe,0.23939594854861479,0.1436214174715098,0.14998313290413121,,,,,,,
15,vocals,with-pframe,0.22830052351284499,0.095544327433381593,0.1046256114125883,,,,,,,
15,drums,lossless,0.92333465064623721,0.1620268287141422,0.043870017387720818,,,,,,,
15,drums,all-iframe,0.91057381673955529,0.15892071639095429,0.043632024518339849,,,,,,,
15,drums,with-pframe,0.88973876732841806,0.11973879807600651,0.033644369131947925,,,,,,,
15,repet-fg,lossless,0.94319266653493539,0.156966149639167,0.041605006911213362,,,,,,,
15,repet-fg,all-iframe,0.88494513709180167,0.15220208761433573,0.042997605511037103,,,,,,,
15,repet-fg,with-pframe,0.84510935681007127,0.0067439441360725993,0.001994991559887623,,,,,,,
15,repet-bg,lossless,0.92903698871792917,0.16559010531151186,0.044559610468261915,,,,,,,
15,repet-bg,all-iframe,0.91694727018643152,0.16505341087687908,0.045000791278685198,,,,,,,
15,repet-bg,with-pframe,0.89826602737312733,0.15760524772799522,0.043863744961192934,,,,,,,
15,sum,with-pframe,0.89160558223246444,0.15399467594020644,0.043179035385417786,,,,,,,
16,mixture,lossless,0.93755804786268304,0.16462118455727515,0.043896264591978082,,,,,,,
16,mixture,all-iframe,0.89117611140167741,0.15166792711782096,0.042547125415893269,,,,,,,
16,mixture,with-pframe,0.8297627923579266,0.15206035107546212,0.045814403970607709,,,,,,,
16,vocals,lossless,0.51127694312500727,0.14470454834714852,0.070756441441839207,,,,,,,
16,vocals,all-iframe,0.49198058522802984,0.12413396013977041,0.063078688401004238,,,,,,,
16,vocals,with-pframe,0.45275421147497996,0.010363367173717108,0.0057224024156260151,,,,,,,
16,drums,lossless,0.6011098537343661,0.16308283033484772,0.067825718261688553,,,,,,,
16,drums,all-iframe,0.59457846159289474,0.14967991586771356,0.062935308599438786,,,,,,,
16,drums,with-pframe,0.52392913017587206,-0.21964557607543922,-0.10480691157681421,,,,,,,
16,repet-fg,lossless,0.89543288333132176,0.15740116423163242,0.043945550571597658,,,,,,,
16,repet-fg,all-iframe,0.76717924266924153,0.14287873219891489,0.046559762129967791,,,,,,,
16,repet-fg,with-pframe,0.67781463831919353,-0.0204379735904614,-0.0075381868563440639,,,,,,,
16,repet-bg,lossless,0.91801173640399569,0.14842272532587897,0.040419615414524934,,,,,,,
16,repet-bg,all-iframe,0.88705066495922136,0.12111000407709449,0.034132775291550579,,,,,,,
16,repet-bg,with-pframe,0.79564120649959158,0.093551994123899807,0.029395157440211032,,,,,,,
16,sum,with-pframe,0.78141022458441656,0.14778252124032365,0.047280710115778168,,,,,,,
17,mixture,lossless,0.93215074052364244,0.18064002804260015,0.04844710736943799,,,,,,,
17,mixture,all-iframe,0.9212729849795438,0.18061481960229875,0.049012296720691635,,,,,,,
17,mixture,with-pframe,0.90341293978727955,0.17867428525329254,0.049444245644567522,,,,,,,
17,vocals,lossless,0.15239270963546114,0.14537071036149429,0.23848042125708607,,,,,,,
17,vocals,all-iframe,0.14858395355975618,0.12779770599512075,0.21502608951599239,,,,,,,
17,vocals,with-pframe,0.12320261947329486,-0.61211348515079678,-1.2420869941070474,,,,,,,
17,drums,lossless,0.91718002930138587,0.17668707342168721,0.04816041229012296,,,,,,,
17,drums,all-iframe,0.89704615805005261,0.17646331033672924,0.049178993955092301,,,,,,,
17,drums,with-pframe,0.7944132513236859,0.17088802239425194,0.053778062648599731,,,,,,,
17,repet-fg,lossless,0.91853855956477515,0.17974988978848794,0.04892279369133333,,,,,,,
17,repet-fg,all-iframe,0.87172047183896573,0.17981704311088853,0.051569582486559525,,,,,,,
17,repet-fg,with-pframe,0.81616417762297488,0.17795431037791465,0.054509348503935511,,,,,,,
17,repet-bg,lossless,0.9150574439664293,0.17214381665162071,0.047030877074078027,,,,,,,
17,repet-bg,all-iframe,0.90203561188936632,0.17085732098851958,0.047353263756030911,,,,,,,
17,repet-bg,with-pframe,0.88441603887534215,0.17097971819317292,0.048331246460262468,,,,,,,
17,sum,with-pframe,0.87806825535715394,0.1801403834206563,0.051288832707938027,,,,,,,
18,mixture,lossless,0.92373851284881348,0.15879483163875507,0.042976131618955436,,,,,,,
18,mixture,all-iframe,0.90803615248872827,0.15528222228053279,0.042752213624682844,,,,,,,
18,mixture,with-pframe,0.88641500544228669,0.12673852301626676,0.035744691323515321,,,,,,,
18,vocals,lossless,0.54735781889727708,0.15811365605168737,0.072216770544279302,,,,,,,
18,vocals,all-iframe,0.54192676579844568,0.15772268007892842,0.072760144927769124,,,,,,,
18,vocals,with-pframe,0.51355042131369599,-0.47537892114546754,-0.23141784205405613,,,,,,,
18,drums,lossless,0.92016754390365729,0.15982366668400294,0.043422436420105001,,,,,,,
18,drums,all-iframe,0.91109539379688387,0.15602571634024232,0.042812672910688125,,,,,,,
18,drums,with-pframe,0.88152229156260153,0.083638644250342065,0.023719945896683671,,,,,,,
18,repet-fg,lossless,0.91386027174351669,0.1322073447433687,0.036167275466285377,,,,,,,
18,repet-fg,all-iframe,0.86965014494587156,0.12661998263514151,0.036399689970448561,,,,,,,
18,repet-fg,with-pframe,0.83824498797025615,-0.057356271459079622,-0.017106058575418175,,,,,,,
18,repet-bg,lossless,0.91175032228371,0.15748321369090812,0.043181562386633288,,,,,,,
18,repet-bg,all-iframe,0.89648432643249931,0.15409456364569296,0.042971906786954714,,,,,,,
18,repet-bg,with-pframe,0.87091397697007511,0.12577939650393288,0.036105574095136699,,,,,,,
18,sum,with-pframe,0.87028206095797334,0.12740458243006758,0.036598646618610488,,,,,,,
19,mixture,lossless,0.87780657192841727,0.1556824319769734,0.044338478702364077,,,,,,,
19,mixture,all-iframe,0.83012283353067917,0.14093134627295223,0.042442919463359083,,,,,,,
19,mixture,with-pframe,0.78913761038898023,0.11916512855184402,0.037751694692737231,,,,,,,
19,vocals,lossless,0.66083430413264577,0.16103440369905231,0.060920870289267216,,,,,,,
19,vocals,all-iframe,0.64660555379306517,0.15973306664868892,0.061758310654647076,,,,,,,
19,vocals,with-pframe,0.54889850885960823,-0.56782602716872344,-0.25862068214961953,,,,,,,
19,drums,lossless,0.85601275536555788,0.16126487754834651,0.047097685325810004,,,,,,,
19,drums,all-iframe,0.84851027491051434,0.15977078258882793,0.04707390921273101,,,,,,,
19,drums,with-pframe,0.73063030209902191,0.077613081118644178,0.026556892348863093,,,,,,,
19,repet-fg,lossless,0.84180973779412094,0.13258653233743667,0.039375445063413776,,,,,,,
19,repet-fg,all-iframe,0.74381586439860503,0.10503620608857078,0.035303161412635155,,,,,,,
19,repet-fg,with-pframe,0.71602383148418891,-0.12050650786586337,-0.042074894216884866,,,,,,,
19,repet-bg,lossless,0.85822577342591744,0.14834886399945146,0.043213822222811928,,,,,,,
19,repet-bg,all-iframe,0.81869684115566599,0.14412827637135051,0.044011491533270171,,,,,,,
19,repet-bg,with-pframe,0.76355933075687055,0.099614558806747855,0.032615199236713514,,,,,,,
19,sum,with-pframe,0.75368759757773773,0.11855403939918441,0.039324661763110801,,,,,,,
20,mixture,lossless,0.94838401359799773,0.15741612284419437,0.041495881569899626,,,,,,,
20,mixture,all-iframe,0.90095452334855886,0.14919761283500366,0.041399873403288996,,,,,,,
20,mixture,with-pframe,0.82201576516002761,0.13190879445201675,0.040117477073671796,,,,,,,
20,vocals,lossless,0.59144436435778436,0.15313452429804064,0.064729048718014534,,,,,,,
20,vocals,all-iframe,0.58168091224105434,0.15179886668402398,0.065241468083929929,,,,,,,
20,vocals,with-pframe,0.46967530774113203,-0.85112054566069029,-0.453036667902604,,,,,,,
20,drums,lossless,0.57890815379062366,0.076490046374022125,0.033032030155895259,,,,,,,
20,drums,all-iframe,0.55043734612015993,-0.033628898611104407,-0.01527371773015709,,,,,,,
20,drums,with-pframe,0.44839801742855545,-0.41968140996025483,-0.23398933182567197,,,,,,,
20,repet-fg,lossless,0.89495615409926432,0.14906975037519965,0.041641635093629829,,,,,,,
20,repet-fg,all-iframe,0.76492595034074751,0.13565062368304348,0.044334560627278995,,,,,,,
20,repet-fg,with-pframe,0.6808910034569986,-0.0068893511901988447,-0.00252953525425525,,,,,,,
20,repet-bg,lossless,0.92578711729200414,0.14489034307259052,0.039126258177043308,,,,,,,
20,repet-bg,all-iframe,0.88753941011785109,0.13123941921457982,0.036967208925729092,,,,,,,
20,repet-bg,with-pframe,0.78826143278291172,0.08580703076901175,0.027214014031510761,,,,,,,
20,sum,with-pframe,0.77659369156182956,0.12801431568131738,0.041210196873948383,,,,,,,
21,mixture,lossless,0.94075785452364424,0.15798039964452348,0.041982216487716002,,,,,,,
21,mixture,all-iframe,0.88031872788276844,0.12508829672866328,0.035523581620690352,,,,,,,
21,mixture,with-pframe,0.89765330514783537,0.12253587972332314,0.034126727718989065,,,,,,,
21,vocals,lossless,0.8291429519789717,0.138561923131991,0.041778659156806397,,,,,,,
21,vocals,all-iframe,0.81037526284396033,0.12357011320621281,0.038121262726033667,,,,,,,
21,vocals,with-pframe,0.65167527760083765,-1.1851484838326831,-0.45465453599676331,,,,,,,
21,drums,lossless,0.92670554573371233,0.11799283582099251,0.031831264084961459,,,,,,,
21,drums,all-iframe,0.9116590078335457,0.10010568348064686,0.027451514936087964,,,,,,,
21,drums,with-pframe,0.70361369884644209,-1.0961593656423689,-0.38947485226605738,,,,,,,
21,repet-fg,lossless,0.9287099182336721,0.1346133038585573,0.036236638915890025,,,,,,,
21,repet-fg,all-iframe,0.83412153797250421,0.10999007615037693,0.032965842249358931,,,,,,,
21,repet-fg,with-pframe,0.74701276573229869,-0.17869886640225419,-0.059804488825259627,,,,,,,
21,repet-bg,lossless,0.9315367696327439,0.15044355305809143,0.040375097892647711,,,,,,,
21,repet-bg,all-iframe,0.8679733805773866,0.1023469170491933,0.029478702728507316,,,,,,,
21,repet-bg,with-pframe,0.87674700553196894,0.094374056511477011,0.026910287664517103,,,,,,,
21,sum,with-pframe,0.85543427175223663,0.11762029919827333,0.034374440878240917,,,,,,,
22,mixture,lossless,0.86649820288300039,0.17367172037520939,0.05010735157827545,,,,,,,
22,mixture,all-iframe,0.83069701030740783,0.17323508816627031,0.052135461551186667,,,,,,,
22,mixture,with-pframe,0.7435208266702622,0.17228266117255631,0.057927987688016873,,,,,,,
22,vocals,lossless,0.58123607425545853,0.14000118976636289,0.06021700818626026,,,,,,,
22,vocals,all-iframe,0.5688284426539485,0.13600166502826871,0.059772707740199299,,,,,,,
22,vocals,with-pframe,0.49747517779949491,-1.2008720855917909,-0.60348341946610495,,,,,,,
22,drums,lossless,0.54933053256067199,0.17491638579988544,0.079604343574588413,,,,,,,
22,drums,all-iframe,0.54632054391294438,0.17485163190788411,0.080013297072600353,,,,,,,
22,drums,with-pframe,0.51290124732691522,0.16970017034445872,0.082715810903601916,,,,,,,
22,repet-fg,lossless,0.81861667706076113,0.1734601747819462,0.052973564930522195,,,,,,,
22,repet-fg,all-iframe,0.766364384104542,0.17321330329214168,0.056504877733368528,,,,,,,
22,repet-fg,with-pframe,0.64669049778166421,0.16993846294642578,0.065695438362463943,,,,,,,
22,repet-bg,lossless,0.85030084766716318,0.16258211492309504,0.047801350360036111,,,,,,,
22,repet-bg,all-iframe,0.82012429510785012,0.15958630198430646,0.048646986480055478,,,,,,,
22,repet-bg,with-pframe,0.71877253511431072,0.15274810354109691,0.053128109408355613,,,,,,,
22,sum,with-pframe,0.7425684596094263,0.17172392315970475,0.057814172194314423,,,,,,,
23,mixture,lossless,0.90210184962767237,0.17086606889605127,0.047352211107474562,,,,,,,
23,mixture,all-iframe,0.88549195472466902,0.16961489847806854,0.047887193546215748,,,,,,,
23,mixture,with-pframe,0.87789359899869779,0.16873630082973667,0.048051466892512038,,,,,,,
23,vocals,lossless,0.55627665127266879,0.16269887038546704,0.073119584478891483,,,,,,,
23,vocals,all-iframe,0.55042443365198968,0.16096127564202378,0.073107799091542899,,,,,,,
23,vocals,with-pframe,0.50148587900209329,-0.17018768298655784,-0.084841712455201279,,,,,,,
23,drums,lossless,0.86959393439158794,0.16834386276752467,0.048397262247840592,,,,,,,
23,drums,all-iframe,0.86343016440934184,0.16690827836378164,0.048327092694856452,,,,,,,
23,drums,with-pframe,0.82915109657400765,0.15650214943134921,0.047187463804246529,,,,,,,
23,repet-fg,lossless,0.90380861473886498,0.15922842495170686,0.044043734025956453,,,,,,,
23,repet-fg,all-iframe,0.8275211810453349,0.15387223927066307,0.046485891477813825,,,,,,,
23,repet-fg,with-pframe,0.80779151819014261,0.097353524740829034,0.030129532976203334,,,,,,,
23,repet-bg,lossless,0.88837277556129091,0.16723737650141191,0.047062838118758235,,,,,,,
23,repet-bg,all-iframe,0.87303428520857751,0.16562784804736319,0.047428792561048413,,,,,,,
23,repet-bg,with-pframe,0.85982843849956381,0.16432156849983892,0.04777742894460052,,,,,,,
23,sum,with-pframe,0.84367480977244935,0.16865300097186831,0.049975713100097276,,,,,,,
24,mixture,lossless,0.89301407474459815,0.16866960418946553,0.047219189752889676,,,,,,,
24,mixture,all-iframe,0.87818369284444386,0.16491751291122059,0.046948467118835775,,,,,,,
24,mixture,with-pframe,0.86633161909254441,0.16207814046060998,0.046771391257305665,,,,,,,
24,vocals,lossless,0.84877754519171178,0.15184721576189153,0.044725268894688447,,,,,,,
24,vocals,all-iframe,0.82734760052064293,0.12075503985214331,0.036488605205403743,,,,,,,
24,vocals,with-pframe,0.79839497682051608,-0.017441148602678425,-0.0054613158615222906,,,,,,,
24,drums,lossless,0.88811443045687632,0.15607326225734353,0.04393388309687022,,,,,,,
24,drums,all-iframe,0.87640003488319085,0.13798600620105583,0.039361593082161105,,,,,,,
24,drums,with-pframe,0.8488479061732771,0.086701511891100314,0.025535055002362743,,,,,,,
24,repet-fg,lossless,0.88524371656614631,0.14660702359935263,0.041403011638433358,,,,,,,
24,repet-fg,all-iframe,0.8062536047615555,0.12181938117861479,0.037773282643071754,,,,,,,
24,repet-fg,with-pframe,0.7826339753784699,-0.034748148760201047,-0.011099744533642745,,,,,,,
24,repet-bg,lossless,0.87242570121018059,0.16539400464967402,0.047394868245011761,,,,,,,
24,repet-bg,all-iframe,0.85851440078351271,0.1625730949264601,0.04734140009127679,,,,,,,
24,repet-bg,with-pframe,0.84095912352585245,0.1554279273443675,0.046205553574563664,,,,,,,
24,sum,with-pframe,0.82360636414370403,0.16045133022481783,0.048703888535282749,,,,,,,
25,mixture,lossless,0.93426837422737308,0.17133998657613736,0.0458487066732386,,,,,,,
25,mixture,all-iframe,0.90092768472819584,0.16899837658356587,0.046895655291842767,,,,,,,
25,mixture,with-pframe,0.87136342555957957,0.16925522245158797,0.048560456374128341,,,,,,,
25,vocals,lossless,0.80534713085664322,0.15538880917987141,0.048236593645831084,,,,,,,
25,vocals,all-iframe,0.78319711574651563,0.14704283354777159,0.046936725950406363,,,,,,,
25,vocals,with-pframe,0.73156913259788814,0.071106516917174734,0.024299315590539994,,,,,,,
25,drums,lossless,0.86628152058924723,0.17134991011068967,0.049449834158454907,,,,,,,
25,drums,all-iframe,0.85840433379759185,0.16778109963965759,0.048864239448032559,,,,,,,
25,drums,with-pframe,0.82928814591205868,0.16341692184932777,0.049264216139735223,,,,,,,
25,repet-fg,lossless,0.91266520620458924,0.16330756552326031,0.044733699831286264,,,,,,,
25,repet-fg,all-iframe,0.83347032815231592,0.15693632580212613,0.047073159205928611,,,,,,,
25,repet-fg,with-pframe,0.79413570987673587,0.11674052100887833,0.036750809577307184,,,,,,,
25,repet-bg,lossless,0.91988079706566095,0.16711701980098459,0.04541811839481627,,,,,,,
25,repet-bg,all-iframe,0.89253706571234792,0.16444020707781304,0.046059769782941934,,,,,,,
25,repet-bg,with-pframe,0.85301242335236271,0.16458026585176677,0.048235014328678154,,,,,,,
25,sum,with-pframe,0.84324137575233926,0.16896450426032628,0.050093754030266925,,,,,,,
26,mixture,lossless,0.93097934347423061,0.16874003902135071,0.045312508866106063,,,,,,,
26,mixture,all-iframe,0.91254905306749423,0.15249255115675231,0.041776535366552403,,,,,,,
26,mixture,with-pframe,0.90169899617179561,0.1629835982045571,0.04518791716984033,,,,,,,
26,vocals,lossless,0.3838338754217156,0.15475602248484455,0.10079622487385669,,,,,,,
26,vocals,all-iframe,0.37986289580098026,0.15154875954362135,0.099739117204422592,,,,,,,
26,vocals,with-pframe,0.30503068880525319,-0.10715806828878227,-0.087825645272365804,,,,,,,
26,drums,lossless,0.37908506400015779,0.14800138807947993,0.097604338797833992,,,,,,,
26,drums,all-iframe,0.35992753480270301,0.086356261285088554,0.059981699741605894,,,,,,,
26,drums,with-pframe,0.65733440007408872,0.062519747936037096,0.023777756013145836,,,,,,,
26,repet-fg,lossless,0.93584320397243737,0.14669918472247057,0.039189039387091382,,,,,,,
26,repet-fg,all-iframe,0.90424186660195338,0.13608533822207614,0.037624153240512589,,,,,,,
26,repet-fg,with-pframe,0.85821216021577207,-0.1841409079172811,-0.053640846766545562,,,,,,,
26,repet-bg,lossless,0.91923633424200668,0.16479681373003485,0.044818945789910684,,,,,,,
26,repet-bg,all-iframe,0.90086042417522671,0.1469088689221949,0.040769042844982277,,,,,,,
26,repet-bg,with-pframe,0.88721753307911055,0.15664471573220284,0.044139320372920114,,,,,,,
26,sum,with-pframe,0.89572969984053197,0.16121328858847095,0.044994960147344665,,,,,,,
27,mixture,lossless,0.94917288174369185,0.16351341304009415,0.043067342152598546,,,,,,,
27,mixture,all-iframe,0.91426787687249367,0.15952114483431812,0.043619914050793393,,,,,,,
27,mixture,with-pframe,0.86945014779768126,0.14194361405227474,0.040814189983122709,,,,,,,
27,vocals,lossless,0.86444852277676465,0.15526158951875368,0.044901918803685797,,,,,,,
27,vocals,all-iframe,0.84565615098434532,0.14899998622717847,0.044048631956895901,,,,,,,
27,vocals,with-pframe,0.50057387777910456,0.068184060271876401,0.034052945678262579,,,,,,,
27,drums,lossless,0.88349923618220172,0.11327914686967011,0.032054115677330602,,,,,,,
27,drums,all-iframe,0.85526956990855441,-0.14631383675578347,-0.042768339335230693,,,,,,,
27,drums,with-pframe,0.53138290246125941,-0.62374989700265493,-0.29345594961447297,,,,,,,
27,repet-fg,lossless,0.93535063932303286,0.13498220942601469,0.036077970055087866,,,,,,,
27,repet-fg,all-iframe,0.83688412963222747,0.12334658163614476,0.036846971184156037,,,,,,,
27,repet-fg,with-pframe,0.75437625282156573,-0.098415590155876309,-0.032614888720242749,,,,,,,
27,repet-bg,lossless,0.93360224434517836,0.16257854284831241,0.043535280638261474,,,,,,,
27,repet-bg,all-iframe,0.90615011483352326,0.1584145853903256,0.043705392406044478,,,,,,,
27,repet-bg,with-pframe,0.84955436554816532,0.13936338850753449,0.041010732849807628,,,,,,,
27,sum,with-pframe,0.8432192475901964,0.13987809830704867,0.041471449657607101,,,,,,,
28,mixture,lossless,0.94892968360728902,0.16251674696710205,0.042815803366300587,,,,,,,
28,mixture,all-iframe,0.89606542812245271,0.147385853174407,0.041120282221809433,,,,,,,
28,mixture,with-pframe,0.81643833761051277,0.14778877306660876,0.045254113586564684,,,,,,,
28,vocals,lossless,0.76108794590587869,0.16114233256958554,0.052931574280087698,,,,,,,
28,vocals,all-iframe,0.74922783662642867,0.15897862177250977,0.053047489028286682,,,,,,,
28,vocals,with-pframe,0.62012653957255204,0.012896339790465561,0.0051990759012486782,,,,,,,
28,drums,lossless,0.9267947668009151,0.12587434573823542,0.033954212477031204,,,,,,,
28,drums,all-iframe,0.89356287453822747,-0.051381036802110813,-0.014375327765453366,,,,,,,
28,drums,with-pframe,0.68036007110907781,-0.10065499926422605,-0.036985929781323347,,,,,,,
28,repet-fg,lossless,0.91995187249618093,0.14605243233798637,0.039690237257110614,,,,,,,
28,repet-fg,all-iframe,0.79969166821491533,0.13806965594611365,0.043163403294645721,,,,,,,
28,repet-fg,with-pframe,0.69230288286183117,-0.099672775870887076,-0.035993196886188482,,,,,,,
28,repet-bg,lossless,0.93473803495639962,0.15716754621118989,0.042035185349690217,,,,,,,
28,repet-bg,all-iframe,0.89081878047986318,0.13924661557675178,0.039078266710357995,,,,,,,
28,repet-bg,with-pframe,0.79345012828802186,0.13226613828815603,0.041674370440124092,,,,,,,
28,sum,with-pframe,0.79657089825146865,0.14342155399312206,0.045012174781912967,,,,,,,
29,mixture,lossless,0.94034684684805903,0.16544488879036345,0.043985070334663437,,,,,,,
29,mixture,all-iframe,0.92277126304490154,0.16278733700616899,0.044102840954597392,,,,,,,
29,mixture,with-pframe,0.89752178825851892,0.15248729756694201,0.04247453921503578,,,,,,,
29,vocals,lossless,0.60805938849446473,0.16386779001649954,0.0673732669526865,,,,,,,
29,vocals,all-iframe,0.6031360238012522,0.16223672017259316,0.067247152288342701,,,,,,,
29,vocals,with-pframe,0.51871804283353518,0.082124467153288361,0.039580494783195447,,,,,,,
29,drums,lossless,0.92829862003435315,0.16315052982332423,0.043938051372220767,,,,,,,
29,drums,all-iframe,0.91705567143249644,0.15892312965360889,0.043324286246810222,,,,,,,
29,drums,with-pframe,0.8654936469805633,0.12674660719817998,0.036611073819074025,,,,,,,
29,repet-fg,lossless,0.92728310837120675,0.14953611767949182,0.040315658812699419,,,,,,,
29,repet-fg,all-iframe,0.87108235850044147,0.13915573630123079,0.039937594575094437,,,,,,,
29,repet-fg,with-pframe,0.80701706113413851,-0.03423483817526396,-0.010605363821909835,,,,,,,
29,repet-bg,lossless,0.927173114229488,0.16292508177174936,0.04393059917056201,,,,,,,
29,repet-bg,all-iframe,0.91131020985133093,0.16033085132704228,0.04398360996997891,,,,,,,
29,repet-bg,with-pframe,0.87994916454235572,0.14635403822037096,0.041580253757183466,,,,,,,
29,sum,with-pframe,0.87551576152139865,0.15052153613202313,0.042980818492193471,,,,,,,
30,mixture,lossless,0.93721530916479134,0.16862617022590642,0.044980638007337745,,,,,,,
30,mixture,all-iframe,0.90192205990116781,0.16591457816352273,0.045989167340497128,,,,,,,
30,mixture,with-pframe,0.88261340230062024,0.16287673626862054,0.046134790114240848,,,,,,,
30,vocals,lossless,0.87347130456341771,0.16411470591178956,0.046971979804710955,,,,,,,
30,vocals,all-iframe,0.86114293550179066,0.16341364375827849,0.047440917477612719,,,,,,,
30,vocals,with-pframe,0.78983905522548159,-0.07978436757941143,-0.025253362394391462,,,,,,,
30,drums,lossless,0.84740829493578973,0.12298983959872123,0.036284114851637274,,,,,,,
30,drums,all-iframe,0.83220165133597457,0.08195612205898728,0.024620271399191245,,,,,,,
30,drums,with-pframe,0.71054791936799089,-0.60784234219112765,-0.21386395119268786,,,,,,,
30,repet-fg,lossless,0.92887265345104697,0.16252012538431027,0.043741228891952554,,,,,,,
30,repet-fg,all-iframe,0.83406154537241706,0.1601673468598368,0.048008251833598331,,,,,,,
30,repet-fg,with-pframe,0.78137468371387642,0.12726283644024994,0.040717609327758503,,,,,,,
30,repet-bg,lossless,0.92077517884141225,0.16181332238315216,0.043933993362733154,,,,,,,
30,repet-bg,all-iframe,0.89226094134214951,0.15717476561010679,0.044038340783381889,,,,,,,
30,repet-bg,with-pframe,0.85911283929215887,0.14637766007230768,0.042595586219183766,,,,,,,
30,sum,with-pframe,0.84658719233228796,0.16116973666350498,0.047593956689651107,,,,,,,
31,mixture,lossless,0.94989750998247158,0.1731697466414448,0.045575902879417034,,,,,,,
31,mixture,all-iframe,0.92793736735538634,0.1700725547804347,0.045820052291120697,,,,,,,
31,mixture,with-pframe,0.88168024927367838,0.16468084957471207,0.046695173706787392,,,,,,,
31,vocals,lossless,0.9223388312641817,0.15479947296800889,0.041958407182053882,,,,,,,
31,vocals,all-iframe,0.90405550992290695,0.14769580568118146,0.040842571075579245,,,,,,,
31,vocals,with-pframe,0.66033742070458057,-1.0495406390422377,-0.39735012969671513,,,,,,,
31,drums,lossless,0.93153757470937426,0.16146026274783631,0.043331655944798979,,,,,,,
31,drums,all-iframe,0.91506773750642589,0.1299130806233566,0.035492749689048107,,,,,,,
31,drums,with-pframe,0.77030312356079111,0.11339138085805844,0.0368008960985051,,,,,,,
31,repet-fg,lossless,0.90433326240250067,0.16032371062677919,0.044320970291652918,,,,,,,
31,repet-fg,all-iframe,0.82100784224522416,0.14965245127629556,0.045569738672361047,,,,,,,
31,repet-fg,with-pframe,0.7613663781810428,-0.030075421762062682,-0.0098754760598684949,,,,,,,
31,repet-bg,lossless,0.94165827510314826,0.17014184980220515,0.045170805137237278,,,,,,,
31,repet-bg,all-iframe,0.92150212080312122,0.1670509481067497,0.045320283137590331,,,,,,,
31,repet-bg,with-pframe,0.8707216514424353,0.16475768060256035,0.047304922396733555,,,,,,,
31,sum,with-pframe,0.84586474684382973,0.16743756512937535,0.049487097598680578,,,,,,,
32,mixture,lossless,0.94613272701575801,0.16023177681094181,0.042338609646327435,,,,,,,
32,mixture,all-iframe,0.92186124139897507,0.14859300945037601,0.040297010758603417,,,,,,,
32,mixture,with-pframe,0.89632146643586386,0.1230341472008214,0.034316412082055464,,,,,,,
32,vocals,lossless,0.61643858335623647,0.13406332466301007,0.054370106074920856,,,,,,,
32,vocals,all-iframe,0.60340575658321693,0.13031099382487943,0.053989787304468635,,,,,,,
32,vocals,with-pframe,0.54775286570348647,-0.13644810473244418,-0.062276308019494346,,,,,,,
32,drums,lossless,0.91691458330843867,0.16143043053568951,0.044014577113936665,,,,,,,
32,drums,all-iframe,0.90635714582978799,0.1591530945983215,0.043899111771390539,,,,,,,
32,drums,with-pframe,0.86403355156865302,-0.44877391202886585,-0.12984852012231377,,,,,,,
32,repet-fg,lossless,0.92847278678770495,0.13296869543947087,0.035803067502794279,,,,,,,
32,repet-fg,all-iframe,0.8576570806023015,0.11435882379580109,0.03333465856641999,,,,,,,
32,repet-fg,with-pframe,0.79974718683286561,-0.43469462290266936,-0.13588501155725652,,,,,,,
32,repet-bg,lossless,0.93175290938076738,0.15769160848285457,0.042310468498470977,,,,,,,
32,repet-bg,all-iframe,0.90883047487505619,0.14987021043244431,0.041226118229873425,,,,,,,
32,repet-bg,with-pframe,0.87584032410190649,0.11671506323105829,0.033315166023766614,,,,,,,
32,sum,with-pframe,0.86674870235210399,0.12121453726171305,0.034962422479771826,,,,,,,
33,mixture,lossless,0.9287449262554226,0.16019543618903365,0.043121483536637063,,,,,,,
33,mixture,all-iframe,0.90820860164156525,0.14163739789869867,0.038988123885496259,,,,,,,
33,mixture,with-pframe,0.89867513761413498,0.11336337550817577,0.031536250076179002,,,,,,,
33,vocals,lossless,0.80571417301326509,0.14865630259127238,0.046125632255951683,,,,,,,
33,vocals,all-iframe,0.79173672207713319,0.14599758240770155,0.04610042023334307,,,,,,,
33,vocals,with-pframe,0.70422594300624697,-1.0376402495685801,-0.36836197951577582,,,,,,,
33,drums,lossless,0.8801003644933415,0.13678975527583903,0.038856294348482208,,,,,,,
33,drums,all-iframe,0.8318917537314624,-0.044804008196957401,-0.013464494628053584,,,,,,,
33,drums,with-pframe,0.80823251966453658,-0.060084381980332502,-0.01858511644807085,,,,,,,
33,repet-fg,lossless,0.92485579643824389,0.13875961086952016,0.037508444939174268,,,,,,,
33,repet-fg,all-iframe,0.84862171537598263,0.11805767290502489,0.034779239903352972,,,,,,,
33,repet-fg,with-pframe,0.82348829658530887,-0.31517409939212415,-0.095682628611429774,,,,,,,
33,repet-bg,lossless,0.91039348681909449,0.1565820227611483,0.042998446558598601,,,,,,,
33,repet-bg,all-iframe,0.88969892476060319,0.14073186441871899,0.039544800072841099,,,,,,,
33,repet-bg,with-pframe,0.87539975475476162,0.10723101107041488,0.030623441030222544,,,,,,,
33,sum,with-pframe,0.86201073506537218,0.11144124555016299,0.032320144348814764,,,,,,,
34,mixture,lossless,0.95009870383786899,0.17323018374161192,0.045582154528223902,,,,,,,
34,mixture,all-iframe,0.93432820291525276,0.17258191369430209,0.046178075636542665,,,,,,,
34,mixture,with-pframe,0.86337865205478337,0.17278542925636087,0.050031764407523605,,,,,,,
34,vocals,lossless,0.94897604674384706,0.17104356159847489,0.045060031332024741,,,,,,,
34,vocals,all-iframe,0.93611118638382984,0.17036772603442918,0.045498795579122051,,,,,,,
34,vocals,with-pframe,0.81001837563290868,0.15014494072370121,0.046339979820329787,,,,,,,
34,drums,lossless,0.89244605033819036,0.17268937550098373,0.048375298270282974,,,,,,,
34,drums,all-iframe,0.88350659124851538,0.17258546835322663,0.048835365254417576,,,,,,,
34,drums,with-pframe,0.73842115273607245,0.16910038021998952,0.057250655534928051,,,,,,,
34,repet-fg,lossless,0.88326884307649201,0.17133228886975393,0.048493810863120296,,,,,,,
34,repet-fg,all-iframe,0.81074670309752639,0.17030792710428555,0.052515763077916229,,,,,,,
34,repet-fg,with-pframe,0.76084259486024242,0.16768272864373257,0.055097706732144071,,,,,,,
34,repet-bg,lossless,0.93644058264152019,0.16801456546226001,0.044854571816057724,,,,,,,
34,repet-bg,all-iframe,0.92272749815809074,0.16700508358966593,0.045247671691543374,,,,,,,
34,repet-bg,with-pframe,0.84457890708443539,0.16402778882366364,0.048553127318175265,,,,,,,
34,sum,with-pframe,0.82766280509098089,0.17207446216716216,0.051976016412942125,,,,,,,
35,mixture,lossless,0.91177870667971483,0.17282448566477315,0.047386631317077384,,,,,,,
35,mixture,all-iframe,0.88848262603809802,0.17241002188448418,0.048512491080802307,,,,,,,
35,mixture,with-pframe,0.85730198078500996,0.17095479465355679,0.049852560266167169,,,,,,,
35,vocals,lossless,0.61082831246729385,0.13545594838644481,0.055439452306697744,,,,,,,
35,vocals,all-iframe,0.6013738543967293,0.13498564112887701,0.056115526199708339,,,,,,,
35,vocals,with-pframe,0.50192434473152925,-1.2256956118296096,-0.61049818797154243,,,,,,,
35,drums,lossless,0.89335957200245997,0.17019258726172426,0.047627123667639958,,,,,,,
35,drums,all-iframe,0.88692277167614975,0.16977635470858443,0.047855450364560161,,,,,,,
35,drums,with-pframe,0.77790133859898469,0.15765288093274199,0.050666091286292764,,,,,,,
35,repet-fg,lossless,0.88693992509410668,0.17166190257288383,0.048386000482126802,,,,,,,
35,repet-fg,all-iframe,0.80163352710635272,0.17065039802422222,0.053219579849727902,,,,,,,
35,repet-fg,with-pframe,0.75273276871975425,0.159903536129407,0.053107670734652113,,,,,,,
35,repet-bg,lossless,0.89244008556156496,0.16496861542303742,0.046212798509389981,,,,,,,
35,repet-bg,all-iframe,0.8726151610919376,0.16417523018757629,0.047035405041019857,,,,,,,
35,repet-bg,with-pframe,0.83371919301468556,0.16019653899997666,0.048036719180205703,,,,,,,
35,sum,with-pframe,0.81767636006051914,0.17138482638617747,0.052399957598594595,,,,,,,
36,mixture,lossless,0.92728999600563866,0.16173839105190302,0.043605126699468762,,,,,,,
36,mixture,all-iframe,0.90453754072726034,0.15048287070806277,0.041591107038816903,,,,,,,
36,mixture,with-pframe,0.88416710401639298,0.15244192684612079,0.043103256769461994,,,,,,,
36,vocals,lossless,0.90819605328442177,0.14840634757435422,0.040851957855810424,,,,,,,
36,vocals,all-iframe,0.87812039327442692,0.14399259848723434,0.040994549150117021,,,,,,,
36,vocals,with-pframe,0.73447787607449211,-1.0063166236954983,-0.34252788833949704,,,,,,,
36,drums,lossless,0.89485533426355979,0.16042698448227144,0.044819251319068866,,,,,,,
36,drums,all-iframe,0.88656846747282314,0.15818929548675564,0.044607185257128708,,,,,,,
36,drums,with-pframe,0.85018771707025242,0.14438124114168938,0.042455694855021917,,,,,,,
36,repet-fg,lossless,0.90764302231647875,0.15103278928081521,0.041600272785480855,,,,,,,
36,repet-fg,all-iframe,0.81733382650858788,0.14385896648318619,0.044002512136843093,,,,,,,
36,repet-fg,with-pframe,0.7518965155914431,0.072510533110625719,0.024109213038974123,,,,,,,
36,repet-bg,lossless,0.90656490299792047,0.1544045674498391,0.042579567921512976,,,,,,,
36,repet-bg,all-iframe,0.8828630256480986,0.13164686064158682,0.037278393368253962,,,,,,,
36,repet-bg,with-pframe,0.85620603739653622,0.13777713416489634,0.04022896596940468,,,,,,,
36,sum,with-pframe,0.836769931952562,0.15288082264102654,0.04567588317982655,,,,,,,
37,mixture,lossless,0.94042911291966247,0.16634332337763391,0.044220058984882793,,,,,,,
37,mixture,all-iframe,0.91169051553113767,0.16492727450850575,0.045225674639277541,,,,,,,
37,mixture,with-pframe,0.87341482923802849,0.16382800726253821,0.04689295446399238,,,,,,,
37,vocals,lossless,0.79088735379938924,0.16066786600408767,0.050787215534628942,,,,,,,
37,vocals,all-iframe,0.77208556963171948,0.15628032929093694,0.050603305979893452,,,,,,,
37,vocals,with-pframe,0.65594204830618152,0.033533364842806446,0.012780612604954431,,,,,,,
37,drums,lossless,0.89028571636109444,0.1682295407451142,0.047240323430304626,,,,,,,
37,drums,all-iframe,0.87893587447759169,0.1675660314135432,0.04766162022716916,,,,,,,
37,drums,with-pframe,0.77040997486287388,0.14954361744630029,0.048527284928040336,,,,,,,
37,repet-fg,lossless,0.88141390886798332,0.16151587445644155,0.045811585462691269,,,,,,,
37,repet-fg,all-iframe,0.82084659516493808,0.15841013992695752,0.0482459636368252,,,,,,,
37,repet-fg,with-pframe,0.73719119640842046,0.12034276756233853,0.040811246847712604,,,,,,,
37,repet-bg,lossless,0.90353772043054859,0.16214292451038181,0.044863352365941737,,,,,,,
37,repet-bg,all-iframe,0.87449746043669296,0.15956706403839904,0.045616788858002209,,,,,,,
37,repet-bg,with-pframe,0.85603130796376459,0.15607508039682072,0.045581008236741764,,,,,,,
37,sum,with-pframe,0.83843895156435133,0.16333786899316793,0.048702970171058284,,,,,,,
38,mixture,lossless,0.92220094705937383,0.16827468644659094,0.045617684243105895,,,,,,,
38,mixture,all-iframe,0.90790956948620716,0.16687865341240604,0.045951342242940542,,,,,,,
38,mixture,with-pframe,0.89293913507263167,0.16770119780208459,0.046952023720083613,,,,,,,
38,vocals,lossless,0.9277504311087964,0.15864774650628943,0.042750652865955113,,,,,,,
38,vocals,all-iframe,0.91901194272624209,0.15796148962218171,0.042970467052253457,,,,,,,
38,vocals,with-pframe,0.81963657107300303,0.071168143137566364,0.021707225387832162,,,,,,,
38,drums,lossless,0.92308162410180439,0.16960995958071345,0.045935796779009323,,,,,,,
38,drums,all-iframe,0.91663846970804319,0.16878287731684116,0.046033109806803078,,,,,,,
38,drums,with-pframe,0.86631173744999368,0.16448911028432223,0.047468221649777965,,,,,,,
38,repet-fg,lossless,0.91846308773184981,0.1555668407363604,0.042344336646270034,,,,,,,
38,repet-fg,all-iframe,0.86239734843447735,0.14928564948857437,0.043276353342103502,,,,,,,
38,repet-fg,with-pframe,0.8276713601460125,0.057713106386426904,0.017432373876101477,,,,,,,
38,repet-bg,lossless,0.91062095796299436,0.1666472269967616,0.045750986055038106,,,,,,,
38,repet-bg,all-iframe,0.89698937129982126,0.1661155217679986,0.046298074169842648,,,,,,,
38,repet-bg,with-pframe,0.87963103682248001,0.16478580795207032,0.046833786284796036,,,,,,,
38,sum,with-pframe,0.87101419262847868,0.16621449374222985,0.047707171464290585,,,,,,,
39,mixture,lossless,0.91663662217710273,0.15982558200004204,0.04359022379567392,,,,,,,
39,mixture,all-iframe,0.89675456825899069,0.15516312216998207,0.043256853006956072,,,,,,,
39,mixture,with-pframe,0.879414803371805,0.10154688979628057,0.028867745177513199,,,,,,,
39,vocals,lossless,0.71421057482450234,0.16484611380215997,0.057702209828896185,,,,,,,
39,vocals,all-iframe,0.70161264362480213,0.16323796397606616,0.058165273053203452,,,,,,,
39,vocals,with-pframe,0.60594697915646589,0.095864909274522514,0.039551690400361147,,,,,,,
39,drums,lossless,0.8708120551142442,0.17266556024944224,0.049570271574498864,,,,,,,
39,drums,all-iframe,0.85990505828348607,0.17209166728847913,0.050032170886400766,,,,,,,
39,drums,with-pframe,0.83124939219206972,0.16900435395776414,0.050828414295764603,,,,,,,
39,repet-fg,lossless,0.90583238088912943,0.12464905136476423,0.034401798278179685,,,,,,,
39,repet-fg,all-iframe,0.84104564650263502,0.11378170913780528,0.033821502320043453,,,,,,,
39,repet-fg,with-pframe,0.78869013028352397,-0.093938404547789567,-0.02977671487850999,,,,,,,
39,repet-bg,lossless,0.90169971052247255,0.16010781745712999,0.044390559181936129,,,,,,,
39,repet-bg,all-iframe,0.88361100766846068,0.15727017663163911,0.044496439968142745,,,,,,,
39,repet-bg,with-pframe,0.860389949237237,0.095084108517329735,0.027628201782698883,,,,,,,
39,sum,with-pframe,0.85071779786993607,0.096858667370077089,0.028463806567993521,,,,,,,
40,mixture,lossless,0.94782044119521691,0.16640203224093364,0.043890705720351947,,,,,,,
40,mixture,all-iframe,0.9250428640348306,0.16551018571278897,0.044730409840380389,,,,,,,
40,mixture,with-pframe,0.88203895493322715,0.15655846401006324,0.044374022012983301,,,,,,,
40,vocals,lossless,0.70727645427228281,0.16573326666967736,0.058581501500781764,,,,,,,
40,vocals,all-iframe,0.70003363130822716,0.16404378646870699,0.058584251931632539,,,,,,,
40,vocals,with-pframe,0.665002043291548,0.10115794473131912,0.038029185681377593,,,,,,,
40,drums,lossless,0.94055384472869719,0.16756598008025447,0.04453917790548953,,,,,,,
40,drums,all-iframe,0.93071673830825297,0.16728362405706809,0.044934086057465919,,,,,,,
40,drums,with-pframe,0.82729780123794361,0.13316890970753859,0.040242132128318432,,,,,,,
40,repet-fg,lossless,0.90709899327414822,0.15740449529497846,0.043381289269992289,,,,,,,
40,repet-fg,all-iframe,0.83366346393867097,0.15127792068477097,0.045365404395333993,,,,,,,
40,repet-fg,with-pframe,0.78268354476038149,-0.039157288881229491,-0.012507382179989963,,,,,,,
40,repet-bg,lossless,0.93010006185209515,0.16176692973503792,0.043481055525604877,,,,,,,
40,repet-bg,all-iframe,0.90888364551084544,0.1608868688718581,0.0442539784015561,,,,,,,
40,repet-bg,with-pframe,0.86086301502936236,0.14930327830654688,0.043358605172930574,,,,,,,
40,sum,with-pframe,0.84726323948401661,0.15521111830555112,0.045797784877364293,,,,,,,
41,mixture,lossless,0.93783597448988376,0.16877584356158915,0.044990768149353419,,,,,,,
41,mixture,all-iframe,0.91660406398097471,0.16756366588319471,0.045702302790213437,,,,,,,
41,mixture,with-pframe,0.88792614884020249,0.16816034224770116,0.047346376291358801,,,,,,,
41,vocals,lossless,0.80296441004214758,0.14931957256702288,0.046490096789963922,,,,,,,
41,vocals,all-iframe,0.78261261531657467,0.14181700287371291,0.045302426800373802,,,,,,,
41,vocals,with-pframe,0.65482092910036194,-0.079561710372005212,-0.030375369370566913,,,,,,,
41,drums,lossless,0.93275390170686845,0.16722425493208837,0.044820036299521436,,,,,,,
41,drums,all-iframe,0.91871232528443758,0.16672274404994125,0.045368593481730835,,,,,,,
41,drums,with-pframe,0.85327688645579491,0.14449910568112623,0.042336522872816675,,,,,,,
41,repet-fg,lossless,0.90277501300973562,0.17007263192789823,0.047097180769574573,,,,,,,
41,repet-fg,all-iframe,0.82811270337229115,0.16894650226378216,0.051003475002794875,,,,,,,
41,repet-fg,with-pframe,0.72874127553229573,0.16681751865296546,0.057227964249423315,,,,,,,
41,repet-bg,lossless,0.91960954462173783,0.15665406437466567,0.042587113544776782,,,,,,,
41,repet-bg,all-iframe,0.89984390524233859,0.15402173777508255,0.042791237701833039,,,,,,,
41,repet-bg,with-pframe,0.86147500608003758,0.13391970069584724,0.038863489872219548,,,,,,,
41,sum,with-pframe,0.84479385472616442,0.16428907516236402,0.04861809607256716,,,,,,,
42,mixture,lossless,0.93632310093052185,0.16454145984997615,0.043932874155954857,,,,,,,
42,mixture,all-iframe,0.92141765107162776,0.16154598220146488,0.043830824711677589,,,,,,,
42,mixture,with-pframe,0.91047584152807592,0.15167375824925644,0.041646837656531974,,,,,,,
42,vocals,lossless,0.87775973609101943,0.16137187450028412,0.045961288683316476,,,,,,,
42,vocals,all-iframe,0.86120718112890016,0.15855759237477196,0.046027714308805805,,,,,,,
42,vocals,with-pframe,0.82999536283577102,0.1155665678961646,0.034809401675847507,,,,,,,
42,drums,lossless,0.91070946751882309,0.099956987181038404,0.027439318121224108,,,,,,,
42,drums,all-iframe,0.89143518372065067,0.080182445024818083,0.022486897109600983,,,,,,,
42,drums,with-pframe,0.76231490885516007,-0.6768765736085367,-0.22198062957507478,,,,,,,
42,repet-fg,lossless,0.93597931437703275,0.14164487422831185,0.037833334576039095,,,,,,,
42,repet-fg,all-iframe,0.87352320647625015,0.12693085581080465,0.036327270663717541,,,,,,,
42,repet-fg,with-pframe,0.81685583145731633,-0.24908579208223891,-0.076233094779361493,,,,,,,
42,repet-bg,lossless,0.92294733841287657,0.16221327993588597,0.04393893161196824,,,,,,,
42,repet-bg,all-iframe,0.90967903826851415,0.1590433829733624,0.043708653349890873,,,,,,,
42,repet-bg,with-pframe,0.89093639083479004,0.14399122200358816,0.040404461947241593,,,,,,,
42,sum,with-pframe,0.88222979865552009,0.14966943631297758,0.042412259408225413,,,,,,,
43,mixture,lossless,0.92311053951753219,0.16912480472136027,0.045802966568270931,,,,,,,
43,mixture,all-iframe,0.90940641580260206,0.16799224374585409,0.046181839281832955,,,,,,,
43,mixture,with-pframe,0.89576390734767297,0.16910436896565395,0.047195574519843721,,,,,,,
43,vocals,lossless,0.81486249060294735,0.1535442534307454,0.047107412355283478,,,,,,,
43,vocals,all-iframe,0.80317309883551991,0.1507252042922862,0.046915541777611529,,,,,,,
43,vocals,with-pframe,0.70643182063517307,-0.9346643052180732,-0.33076946632220283,,,,,,,
43,drums,lossless,0.91592728354665565,0.17137459354835594,0.046776255229770768,,,,,,,
43,drums,all-iframe,0.9091961307551264,0.17099421663089442,0.047017967533824742,,,,,,,
43,drums,with-pframe,0.89242739749135935,0.1655923152328973,0.046388175581112356,,,,,,,
43,repet-fg,lossless,0.92526368816371818,0.16283432248078755,0.043996734272569685,,,,,,,
43,repet-fg,all-iframe,0.88662676087127268,0.15980163548554183,0.045058880054699553,,,,,,,
43,repet-fg,with-pframe,0.85115233110744581,0.15116779161122329,0.044400921576087569,,,,,,,
43,repet-bg,lossless,0.912168172323083,0.16654708201170942,0.045645936534803727,,,,,,,
43,repet-bg,all-iframe,0.90027371877982831,0.16602494928261047,0.046104019760687266,,,,,,,
43,repet-bg,with-pframe,0.88185859094702557,0.16412871622620129,0.046529204883615158,,,,,,,
43,sum,with-pframe,0.88424267590914907,0.16705909906869776,0.047232254114215062,,,,,,,
44,mixture,lossless,0.9439326314066161,0.15037456104357405,0.039826613690505386,,,,,,,
44,mixture,all-iframe,0.92841606041071922,0.1420889741464495,0.038261125643278722,,,,,,,
44,mixture,with-pframe,0.89052450092601121,-0.14580030789024701,-0.04093102091481949,,,,,,,
44,vocals,lossless,0.56486907941185494,0.14809697395391241,0.065544822398542271,,,,,,,
44,vocals,all-iframe,0.55771536155365242,0.14343052774815801,0.064293785699481729,,,,,,,
44,vocals,with-pframe,0.43812679702448559,-1.7485915746769423,-0.99776570764012107,,,,,,,
44,drums,lossless,0.78781696698079418,0.13123592912824966,0.041645437528209837,,,,,,,
44,drums,all-iframe,0.75829358136108294,0.078594335395092418,0.025911578749625307,,,,,,,
44,drums,with-pframe,0.61918531479264516,-0.22360243805969571,-0.090280903276338378,,,,,,,
44,repet-fg,lossless,0.91718963276749443,0.14059333291196774,0.038321773352296452,,,,,,,
44,repet-fg,all-iframe,0.89213105360632761,0.13418997561093837,0.03760377331012419,,,,,,,
44,repet-fg,with-pframe,0.76873765744748335,-0.14281854527700943,-0.046445801078362728,,,,,,,
44,repet-bg,lossless,0.92375121506993685,0.14808724282618391,0.040077685531101651,,,,,,,
44,repet-bg,all-iframe,0.9055133990238512,0.13901330618653285,0.038379693314419761,,,,,,,
44,repet-bg,with-pframe,0.8675761017486775,-0.15826474035074956,-0.045605434506480975,,,,,,,
44,sum,with-pframe,0.8798535776775025,-0.1543572361444947,-0.043858785160578187,,,,,,,
45,mixture,lossless,0.94711577064628449,0.16434630221918356,0.043380732142977191,,,,,,,
45,mixture,all-iframe,0.92683643168710728,0.16101259702628079,0.043430693788436822,,,,,,,
45,mixture,with-pframe,0.88994426496161749,0.15092667806903881,0.042397789392897581,,,,,,,
45,vocals,lossless,0.75790257752248513,0.13891840870602445,0.045823306591770724,,,,,,,
45,vocals,all-iframe,0.73894443875444427,0.13326536156669588,0.045086394381466062,,,,,,,
45,vocals,with-pframe,0.66445779671378102,-0.4511696001163279,-0.16975103699124466,,,,,,,
45,drums,lossless,0.94223601065881757,0.15464284239072024,0.041030814106381097,,,,,,,
45,drums,all-iframe,0.92697828517511505,0.15049675294767839,0.040587993093939657,,,,,,,
45,drums,with-pframe,0.86327580921615865,0.023049982605838348,0.0066751501547249953,,,,,,,
45,repet-fg,lossless,0.91984537434510971,0.14708221429211177,0.039974711618468474,,,,,,,
45,repet-fg,all-iframe,0.84539923638215442,0.13622352061761633,0.040283783907996647,,,,,,,
45,repet-fg,with-pframe,0.78617192571373717,-0.072607833089771479,-0.023089044112028497,,,,,,,
45,repet-bg,lossless,0.93023342125275721,0.16075369284624452,0.043202514867116758,,,,,,,
45,repet-bg,all-iframe,0.91052488645475838,0.15640026306248478,0.042942336170362298,,,,,,,
45,repet-bg,with-pframe,0.86751428437859424,0.14144279402277737,0.040760940934849769,,,,,,,
45,sum,with-pframe,0.85645676038037433,0.14819692852041255,0.043258730439174331,,,,,,,
46,mixture,lossless,0.90053532294319993,0.17070488449857413,0.047389835842491741,,,,,,,
46,mixture,all-iframe,0.88389670122714981,0.16992212941295604,0.048060516906852979,,,,,,,
46,mixture,with-pframe,0.86501371193630905,0.16946472221837938,0.048977467027383106,,,,,,,
46,vocals,lossless,0.82349860180297785,0.16297795871197662,0.049477302801471279,,,,,,,
46,vocals,all-iframe,0.80290928750780688,0.15946675133515198,0.049652791982930405,,,,,,,
46,vocals,with-pframe,0.7601751671413477,0.14540127160409577,0.047818344339923602,,,,,,,
46,drums,lossless,0.89529666504260552,0.15297883713693894,0.042717359259251499,,,,,,,
46,drums,all-iframe,0.88853000096054924,0.15147649541826302,0.042619972104067587,,,,,,,
46,drums,with-pframe,0.84149443325089579,-0.47495458023767778,-0.14110449263544556,,,,,,,
46,repet-fg,lossless,0.8888949325050236,0.16881802764097076,0.047479747455984253,,,,,,,
46,repet-fg,all-iframe,0.8417746898756957,0.16646378504110215,0.049438343491203018,,,,,,,
46,repet-fg,with-pframe,0.79318565564426813,0.15535651565074593,0.048966000124068369,,,,,,,
46,repet-bg,lossless,0.88725495869059789,0.16440534360671899,0.046324154628943064,,,,,,,
46,repet-bg,all-iframe,0.8721254407821416,0.16217570913318236,0.046488641871213945,,,,,,,
46,repet-bg,with-pframe,0.84662353453560146,0.15753196098090827,0.046517712582641382,,,,,,,
46,sum,with-pframe,0.84419911220564858,0.16812097294617478,0.049787120868595568,,,,,,,
47,mixture,lossless,0.94858773534995589,0.15167980720261776,0.039975165593580962,,,,,,,
47,mixture,all-iframe,0.91540093434146874,0.14289481945807703,0.039025200351383266,,,,,,,
47,mixture,with-pframe,0.85823175679152264,0.1016237594196725,0.029602656454822386,,,,,,,
47,vocals,lossless,0.70789724354754235,0.16261799859618487,0.057429944839608435,,,,,,,
47,vocals,all-iframe,0.69890734029317902,0.15800440067546839,0.056518365012874383,,,,,,,
47,vocals,with-pframe,0.57046329193751177,0.026118169216464704,0.011446034120686977,,,,,,,
47,drums,lossless,0.76665817905001143,0.15172069154031265,0.049474686270325252,,,,,,,
47,drums,all-iframe,0.75558104772371359,0.14820881572556166,0.049038027148794967,,,,,,,
47,drums,with-pframe,0.67201223799980736,-0.062057587808884929,-0.02308647979149701,,,,,,,
47,repet-fg,lossless,0.89679306618889743,0.12965465912276075,0.036143973456929789,,,,,,,
47,repet-fg,all-iframe,0.78085556495203612,0.11859109492643904,0.037968319702544308,,,,,,,
47,repet-fg,with-pframe,0.71488204631600061,-0.34981387151860943,-0.12233272374138648,,,,,,,
47,repet-bg,lossless,0.92908761199366197,0.14757690414500813,0.039710168944221934,,,,,,,
47,repet-bg,all-iframe,0.90194520341914619,0.14073398015495764,0.03900846182823943,,,,,,,
47,repet-bg,with-pframe,0.82959746268637025,0.083253435540599607,0.025088503546952631,,,,,,,
47,sum,with-pframe,0.80522651381920318,0.1015402991591432,0.031525383670470503,,,,,,,
48,mixture,lossless,0.95110169804202083,0.14468073465777787,0.038029775090199051,,,,,,,
48,mixture,all-iframe,0.88678956157023958,-0.068349456143976806,-0.019268792480752233,,,,,,,
48,mixture,with-pframe,0.8075334175193376,-0.31275113823574463,-0.096822970867411609,,,,,,,
48,vocals,lossless,0.80420207973549251,0.12003848974224285,0.037316021920051588,,,,,,,
48,vocals,all-iframe,0.79869031650684419,0.11440904911666872,0.035811454938207053,,,,,,,
48,vocals,with-pframe,0.32690433145323211,-1.918139047850826,-1.4668963235542511,,,,,,,
48,drums,lossless,0.94464641283118489,0.14756089552748852,0.039051885849340204,,,,,,,
48,drums,all-iframe,0.91582272379413066,-0.15866711079154427,-0.043312724905483817,,,,,,,
48,drums,with-pframe,0.76781771786104069,-0.27385851971121289,-0.089167817224288015,,,,,,,
48,repet-fg,lossless,0.89240784667514872,0.15329552655628076,0.042944357539945209,,,,,,,
48,repet-fg,all-iframe,0.80466030233169838,0.14743726697583481,0.045807301089851073,,,,,,,
48,repet-fg,with-pframe,0.69409654571573776,-0.27964615001983217,-0.10072307366530218,,,,,,,
48,repet-bg,lossless,0.95005760512638016,0.14515662666833018,0.038196796142961488,,,,,,,
48,repet-bg,all-iframe,0.89190737238500695,-0.081462727975729177,-0.022833853183064735,,,,,,,
48,repet-bg,with-pframe,0.80283157760684021,-0.35648194087590523,-0.11100769788432521,,,,,,,
48,sum,with-pframe,0.80374593996926935,-0.36570313722240222,-0.11374960638568968,,,,,,,
49,mixture,lossless,0.96144051003896747,0.16509307002396456,0.042928571320880085,,,,,,,
49,mixture,all-iframe,0.93448501414947893,0.11321266931185514,0.030287449129105509,,,,,,,
49,mixture,with-pframe,0.90271292638647893,0.14154459916701301,0.039199781854683848,,,,,,,
49,vocals,lossless,0.7809936852689906,0.14020474749626688,0.044880243637302079,,,,,,,
49,vocals,all-iframe,0.77869582327002629,0.13967930759709768,0.044843988956603617,,,,,,,
49,vocals,with-pframe,0.17640083185670036,-0.23097005814360205,-0.32733697414084639,,,,,,,
49,drums,lossless,0.95796292095187507,0.16308362933091614,0.042560005654725369,,,,,,,
49,drums,all-iframe,0.93155269698488175,0.080844255175143598,0.021696103569022147,,,,,,,
49,drums,with-pframe,0.86571679080788311,0.13184682273497961,0.03807446734743955,,,,,,,
49,repet-fg,lossless,0.94263371494471471,0.16174393912211071,0.042896815740246723,,,,,,,
49,repet-fg,all-iframe,0.9020914306608645,0.15559971556666641,0.043121935947411504,,,,,,,
49,repet-fg,with-pframe,0.77205836039951858,0.041545336812240041,0.013452783799511443,,,,,,,
49,repet-bg,lossless,0.95343937964136072,0.16092254541339424,0.042195274510773241,,,,,,,
49,repet-bg,all-iframe,0.92588524123231175,0.050139872169919553,0.013538360354244773,,,,,,,
49,repet-bg,with-pframe,0.88912460515512592,0.13160911524020991,0.03700525057937408,,,,,,,
49,sum,with-pframe,0.89560801790799527,0.14239311772870744,0.039747611366107521,,,,,,,
