File,compression_ratio mixture 0.1,compression_ratio mixture 1,compression_ratio mixture 2,compression_ratio mixture 5,compression_ratio vocals 0.1,compression_ratio vocals 1,compression_ratio vocals 2,compression_ratio vocals 5,compression_ratio drums 0.1,compression_ratio drums 1,compression_ratio drums 2,compression_ratio drums 5,compression_ratio repet-fg 0.1,compression_ratio repet-fg 1,compression_ratio repet-fg 2,compression_ratio repet-fg 5,compression_ratio repet-bg 0.1,compression_ratio repet-bg 1,compression_ratio repet-bg 2,compression_ratio repet-bg 5,compression_ratio sum 0.1,compression_ratio sum 1,compression_ratio sum 2,compression_ratio sum 5,peaq mixture 0.1,peaq mixture 1,peaq mixture 2,peaq mixture 5,peaq vocals 0.1,peaq vocals 1,peaq vocals 2,peaq vocals 5,peaq drums 0.1,peaq drums 1,peaq drums 2,peaq drums 5,peaq repet-fg 0.1,peaq repet-fg 1,peaq repet-fg 2,peaq repet-fg 5,peaq repet-bg 0.1,peaq repet-bg 1,peaq repet-bg 2,peaq repet-bg 5,peaq sum 0.1,peaq sum 1,peaq sum 2,peaq sum 5,desirability mixture 0.1,desirability mixture 1,desirability mixture 2,desirability mixture 5,desirability vocals 0.1,desirability vocals 1,desirability vocals 2,desirability vocals 5,desirability drums 0.1,desirability drums 1,desirability drums 2,desirability drums 5,desirability repet-fg 0.1,desirability repet-fg 1,desirability repet-fg 2,desirability repet-fg 5,desirability repet-bg 0.1,desirability repet-bg 1,desirability repet-bg 2,desirability repet-bg 5,desirability sum 0.1,desirability sum 1,desirability sum 2,desirability sum 5,p-ratio mixture 0.1,p-ratio mixture 1,p-ratio mixture 2,p-ratio mixture 5,p-ratio vocals 0.1,p-ratio vocals 1,p-ratio vocals 2,p-ratio vocals 5,p-ratio drums 0.1,p-ratio drums 1,p-ratio drums 2,p-ratio drums 5,p-ratio repet-fg 0.1,p-ratio repet-fg 1,p-ratio repet-fg 2,p-ratio repet-fg 5,p-ratio repet-bg 0.1,p-ratio repet-bg 1,p-ratio repet-bg 2,p-ratio repet-bg 5,p-ratio sum 0.1,p-ratio sum 1,p-ratio sum 2,p-ratio sum 5,q-25 mixture 0.1,q-25 mixture 1,q-25 mixture 2,q-25 mixture 5,q-25 vocals 0.1,q-25 vocals 1,q-25 vocals 2,q-25 vocals 5,q-25 drums 0.1,q-25 drums 1,q-25 drums 2,q-25 drums 5,q-25 repet-fg 0.1,q-25 repet-fg 1,q-25 repet-fg 2,q-25 repet-fg 5,q-25 repet-bg 0.1,q-25 repet-bg 1,q-25 repet-bg 2,q-25 repet-bg 5,q-25 sum 0.1,q-25 sum 1,q-25 sum 2,q-25 sum 5,q-50 mixture 0.1,q-50 mixture 1,q-50 mixture 2,q-50 mixture 5,q-50 vocals 0.1,q-50 vocals 1,q-50 vocals 2,q-50 vocals 5,q-50 drums 0.1,q-50 drums 1,q-50 drums 2,q-50 drums 5,q-50 repet-fg 0.1,q-50 repet-fg 1,q-50 repet-fg 2,q-50 repet-fg 5,q-50 repet-bg 0.1,q-50 repet-bg 1,q-50 repet-bg 2,q-50 repet-bg 5,q-50 sum 0.1,q-50 sum 1,q-50 sum 2,q-50 sum 5,q-75 mixture 0.1,q-75 mixture 1,q-75 mixture 2,q-75 mixture 5,q-75 vocals 0.1,q-75 vocals 1,q-75 vocals 2,q-75 vocals 5,q-75 drums 0.1,q-75 drums 1,q-75 drums 2,q-75 drums 5,q-75 repet-fg 0.1,q-75 repet-fg 1,q-75 repet-fg 2,q-75 repet-fg 5,q-75 repet-bg 0.1,q-75 repet-bg 1,q-75 repet-bg 2,q-75 repet-bg 5,q-75 sum 0.1,q-75 sum 1,q-75 sum 2,q-75 sum 5
0,0.9182569838,0.8961748968,0.8934601303,0.8911411247,0.8513662325,0.8262222529,0.8221763127,0.8178917082,0.6279958251,0.5372871145,0.5129183108,0.5234159178,0.8621978408,0.8024728974,0.7934528512,0.7847308939,0.9008822367,0.875845189,0.8726982661,0.8697947583,0.8976909065,0.8851723826,0.8835989212,0.8821471673,0.1506007017,0.1334990603,0.1292493148,0.1271306795,0.1100488931,0.0597168027,0.0415511133,0.0198779435,-0.342180764,-0.613572741,-0.532691283,-0.182020653,0.056838799,-0.087014236,-0.112888821,-0.184566367,0.1440269445,0.120356074,0.1149482759,0.1090304356,0.1478631901,0.1305404293,0.1269999791,0.121811512,0.041001785,0.0372413523,0.036165384,0.0356651365,0.0323153799,0.0180692309,0.0126344899,0.0060759705,-0.136219362,-0.285495746,-0.259637486,-0.086938822,0.0164807879,-0.027108154,-0.03556885,-0.058799255,0.0399683051,0.0343542659,0.032928986,0.0313379779,0.041178759,0.0368686461,0.0359325866,0.0345213125,0.7496908236,0.9765850441,0.988210075,0.9952180724,0.6927199274,0.9025476132,0.9131832797,0.9195317009,0.596586693,0.7768158958,0.7859675159,0.7916563608,0.744661555,0.9699892819,0.9815318658,0.9884574161,0.7499381647,0.9765850441,0.988210075,0.9952180724,0.7499381647,0.9765850441,0.988210075,0.9952180724,10,2,2,2,10,2,2,2.2,10,3,3,2.2,10,1,1.5,1.6,10,2,2,2,10,2,2,2,10,6,6,6.2,10,7,6.5,6.8,10,9,6.5,6,10,5,6,5.8,10,6,6.5,6.6,10,6,6.5,6.6,20,14,14,13.8,20,14,15,14.8,10,15,14,12.8,10,13,13.5,13.8,20,15,15,14.6,20,15,15,14.6
1,0.8706726289,0.8257582283,0.8209205965,0.8158803957,0.7726137627,0.6905880563,0.6823661659,0.6733277188,0.5905675003,0.4895744734,0.4785415388,0.4670065679,0.7580033711,0.6787688707,0.6697920318,0.6609752942,0.8395747924,0.7840270127,0.7777951237,0.7713779121,0.8281084079,0.800334518,0.7972185736,0.7940099678,-0.00834329,-0.272695312,-0.638430851,-0.843352107,-0.179291244,-0.943734238,-1.416116485,-1.791817972,-0.555283261,-1.628035703,-2.075997665,-1.249728187,-0.091124543,-0.736460166,-0.418825743,-0.962894593,-0.040923589,-0.410080737,-0.868299714,-1.02165562,-0.016812888,-0.317192344,-0.707205829,-0.838389301,-0.002395645,-0.082559066,-0.194425275,-0.258417812,-0.058014513,-0.341641529,-0.518825726,-0.665284498,-0.235063418,-0.831352425,-1.084544129,-0.669009963,-0.030054135,-0.271248505,-0.156326786,-0.364194623,-0.012185808,-0.130761036,-0.279090112,-0.331113843,-0.00507569,-0.099081177,-0.221772878,-0.263973166,0.7422680412,0.9666224354,0.9781565785,0.9849954068,0.7226702052,0.9412064918,0.9524344187,0.9591711748,0.6147800347,0.8006532612,0.8102480351,0.8159640706,0.7128712871,0.928549556,0.9395733388,0.9462080229,0.7421659692,0.9665203634,0.9780545065,0.9848933347,0.7421659692,0.9665203634,0.9780545065,0.9848933347,10,2,1.5,1.4,10,1,1,1,10,1,1.5,1.8,10,1,0.5,1,10,2,1.5,1.2,10,2,1.5,1.2,10,5,5,5.2,10,5,4.5,5,10,5,5,6,10,4,4,5.2,10,6,5,5.2,10,6,5,5.2,20,13,13,13.8,20,12,13,13.8,10,14,13,14.8,10,12,12,13.6,20,13,13.5,14,20,13,13.5,14
2,0.8974010485,0.8581525873,0.8541537839,0.8504768032,0.6204179571,0.5785291562,0.5731314033,0.5689551846,0.7133645443,0.6825919116,0.6789997705,0.6754059532,0.8177685918,0.7482814196,0.7387012592,0.7302316196,0.8738794866,0.8310201887,0.8264571638,0.822243296,0.8540399339,0.8326102849,0.8303287725,0.8282218386,0.1503307149,0.139005457,0.1368782603,0.134942273,0.0327138786,-0.020579981,-0.046237235,0.0100903828,0.0748261219,-0.024972109,-0.051074075,-0.108848667,0.0204457373,-0.227022586,-0.280427729,-0.282752391,0.1422907614,0.1254032171,0.1184013087,0.1171691394,0.1465626166,0.1352571652,0.1311933124,0.1316147694,0.0418794683,0.0404955538,0.0400625341,0.039666653,0.0131821936,-0.008893234,-0.020168688,0.0044337336,0.0262229608,-0.009146061,-0.018804894,-0.04029009,0.0062504655,-0.075847996,-0.094905662,-0.096802297,0.0407066316,0.0377256831,0.0358159242,0.0356248388,0.0429027411,0.0406123872,0.0395004114,0.0397281149,0.7497029703,0.976369637,0.9879867987,0.9949834983,0.5322772277,0.6933333333,0.7017821782,0.7064026403,0.5886468647,0.7666006601,0.775709571,0.7811221122,0.7258085809,0.944950495,0.9561716172,0.9629042904,0.7497029703,0.976369637,0.9879867987,0.9949834983,0.7497029703,0.976369637,0.9879867987,0.9949834983,10,2,2,2,10,2,1.5,1.4,10,3,3,2.4,10,1,1.5,2,10,2,2.5,2.2,10,2,2.5,2.2,10,7,6.5,6.6,10,5,5.5,6,10,8,7.5,7.2,10,6,5.5,6.4,10,7,7,6.6,10,7,7,6.6,20,15,14.5,14.6,20,13,15,13.6,10,16,15,15.6,10,13,13.5,13.8,20,15,14.5,14.8,20,15,14.5,14.8
3,0.8841468262,0.8628151458,0.8608365898,0.8587628845,0.6970384919,0.6754841785,0.673281358,0.6700117976,0.7136948056,0.6411576144,0.6331004809,0.626081535,0.7942468583,0.7353278044,0.7280662019,0.7213338904,0.8598449757,0.8359246863,0.833715562,0.831221954,0.8315698087,0.819609664,0.8185051019,0.8172582979,0.1681228431,0.1655174342,0.1648419696,0.1631442814,0.1102847959,0.0315789939,-0.006111519,0.0156546309,0.1532830296,0.1374811759,0.1343184978,0.1217149399,0.1579468987,0.1416162708,0.1377575221,0.1282862052,0.1564753235,0.1505918561,0.1488787416,0.1461348776,0.1672591594,0.165018193,0.1640409543,0.1635018459,0.0475381571,0.0479585445,0.0478726077,0.0474939836,0.0395547725,0.0116875402,-0.002269303,0.0058411773,0.0536934795,0.0536066221,0.0530399604,0.0486018726,0.0497159344,0.0481473262,0.0473025398,0.0444614508,0.0454952137,0.0450375071,0.0446431458,0.0439518221,0.0502841606,0.0503343848,0.0501038277,0.050015352,0.7219226972,0.9406181183,0.9517806971,0.9585389931,0.5696711975,0.7420457134,0.750854279,0.7562457286,0.6557825196,0.8539752449,0.8641506568,0.8702255297,0.7014959374,0.9135849343,0.9245197054,0.9310501936,0.7217708254,0.940010631,0.9511732098,0.9579315058,0.7217708254,0.940010631,0.9511732098,0.9579315058,10,2,2,1.8,10,2,1.5,1.4,10,2,2,1.8,10,1,0.5,1.2,10,3,2,1.8,10,3,2,1.8,10,6,6,5.4,10,6,5,5.4,10,7,6,5.4,10,5,5,5.2,10,7,6.5,5.8,10,7,6.5,5.8,20,14,13.5,12.8,20,14,13,14.2,10,14,13.5,12.8,10,13,13,13.4,20,15,14,13.8,20,15,14,13.8
4,0.9302292762,0.9223520203,0.9214872986,0.9208832261,0.8791205734,0.8630411832,0.8611361269,0.8596293378,0.9169270142,0.8963964616,0.8896731856,0.8841517224,0.8957727131,0.8587384947,0.8540154883,0.8492456669,0.9115115068,0.9022502665,0.9013568226,0.9006114002,0.8992395153,0.8946088952,0.8941621733,0.893789462,0.1575645075,0.1471225344,0.1346973479,0.1348368748,0.0989261501,0.0902058237,0.0900886895,0.0747451344,0.0582644259,-0.462758668,-1.08855765,-1.108988953,0.0730215943,-0.128791372,-0.193503685,-0.233549981,0.1550420254,0.1475592265,0.1367804119,0.136296338,0.1560821223,0.1493610154,0.1387101666,0.1374582918,0.0423456108,0.0398770023,0.036543463,0.036605313,0.0281321337,0.0261302199,0.026154021,0.0217376057,0.0158857862,-0.129060825,-0.305886945,-0.313574278,0.0203794984,-0.037494352,-0.056645251,-0.068752185,0.0425233319,0.0408864458,0.0379373652,0.0378343917,0.0433928113,0.0417391936,0.0387821613,0.0384481742,0.7430820887,0.9687391455,0.9803172398,0.9872640963,0.7037165683,0.9168692833,0.9278684728,0.9342364247,0.7389139748,0.9631816603,0.9746439736,0.9815908301,0.7406506889,0.9648025935,0.9762649068,0.9832117633,0.7440083362,0.9689707074,0.9804330207,0.9873798773,0.7440083362,0.9689707074,0.9804330207,0.9873798773,10,2,2,2.2,10,2,1.5,1.8,10,2,2.5,2.4,10,1,1.5,1.6,10,3,2.5,2.2,10,3,2.5,2.2,10,7,6.5,6,10,6,5.5,6.2,10,7,8,6.8,10,6,6,5.6,10,7,7,6.4,10,7,7,6.4,20,15,14,13.6,20,13,13.5,14.4,10,17,15.5,13.6,10,14,14,13.6,20,15,14.5,13.6,20,15,14.5,13.6
5,0.8808159529,0.8658489801,0.8647579836,0.8636234748,0.7651244145,0.7145760444,0.7100063905,0.7059432189,0.857107374,0.8420451094,0.823502592,0.8079503798,0.8552143021,0.819991373,0.815814997,0.8115294054,0.8657665244,0.8501661587,0.8488928459,0.847579647,0.8510083378,0.8432081549,0.8425714986,0.8419148991,0.1686249233,0.1674335564,0.1670093716,0.1646997008,0.0127937294,-0.723302846,-1.748567011,-1.88710388,0.1681620533,0.1663224926,0.1661307149,0.1655248404,0.1419435168,0.1247959466,0.1200328628,0.0905064262,0.1647156741,0.1620909107,0.1613393772,0.1598907096,0.1677523705,0.1665820706,0.1661052445,0.1653919543,0.0478604307,0.0483437528,0.0482821133,0.0476769407,0.0041802775,-0.25305314,-0.615687068,-0.668291666,0.049049296,0.0493805174,0.0504341809,0.0512175143,0.0414935521,0.038047945,0.0367831136,0.0278814377,0.0475635375,0.0476644798,0.0475146475,0.0471609689,0.0492804721,0.0493893678,0.0492852075,0.0491118385,0.7191653672,0.9365857281,0.9477240662,0.9544070691,0.6774337269,0.8823048934,0.8928491869,0.8990866563,0.7014925373,0.9136407515,0.9244820673,0.931016559,0.7123338531,0.9275265464,0.9385906289,0.9452736318,0.7189426004,0.9363629613,0.9475012995,0.9541843024,0.7189426004,0.9363629613,0.9475012995,0.9541843024,10,2,2.5,2.2,10,1,1,0.6,10,2,2.5,2.4,10,1,2,2.2,10,3,2.5,2,10,3,2.5,2,10,7,6.5,5.8,10,4,3,4,10,7,7,6.6,10,7,6.5,5.8,10,7,6.5,6.2,10,7,6.5,6.2,20,14,14,13.6,20,10,10,14.6,20,15,14.5,15,10,14,14,14,20,14,14,14.4,20,14,14,14.4
6,0.896396921,0.8781641772,0.8765524519,0.8751425117,0.3881639201,0.3659542451,0.3637857913,0.3613891485,0.8725099367,0.8574301813,0.8554229387,0.8536026144,0.8515557272,0.8082382197,0.8025487482,0.796624506,0.8810189015,0.8601854069,0.8582399542,0.8567017109,0.869151253,0.8587345057,0.8577617793,0.8569926577,0.0972399619,-0.012344242,-0.025832752,-0.0289452,-0.021282577,-0.511545501,-0.529655458,-1.342221505,0.0190880775,-0.249744282,-0.543373265,-0.643295839,0.0646252907,-0.406427853,-0.520404873,-0.681247663,0.0935908252,-0.010382098,-0.027811486,-0.018633987,0.0947373255,-0.011791436,-0.027838753,-0.016687644,0.027119672,-0.003514218,-0.007367714,-0.00826871,-0.01370721,-0.349460013,-0.363988555,-0.928515362,0.0054693009,-0.072817673,-0.158802517,-0.188406124,0.0189727133,-0.125714128,-0.162110051,-0.213791961,0.0265575532,-0.003017401,-0.008101314,-0.005437711,0.0272499537,-0.003432794,-0.008113777,-0.004868083,0.7311504004,0.9523507492,0.9636882581,0.9704273369,0.3268056767,0.4259097756,0.4308253389,0.4338381035,0.704907635,0.9180210894,0.9289621819,0.9354634108,0.7206057243,0.9387140252,0.9498929676,0.9566320463,0.7312296837,0.9523507492,0.9636882581,0.9704273369,0.7312296837,0.9523507492,0.9636882581,0.9704273369,10,2,2,1.8,10,1,1,1.2,10,2,2,2,10,1,1,1.4,10,2,2,2,10,2,2,2,10,6,6,5.6,10,5,5,4.8,10,7,6.5,5.8,10,5,5.5,5.4,10,7,6.5,6.2,10,7,6.5,6.2,20,14,13.5,13.2,20,12,13,12.6,20,15,13.5,14.4,10,13,13,13.6,20,15,14,14.2,20,15,14,14.2
7,0.8980994134,0.8713417573,0.8692860613,0.8678213879,0.5267269287,0.5083280894,0.5062200608,0.5044569154,0.8340881288,0.8182751934,0.8167282602,0.8154773984,0.8480393349,0.7905177761,0.7860034069,0.7809578695,0.8851012372,0.8576995858,0.8555721925,0.8539641245,0.8536053979,0.8399045722,0.8388408755,0.8380368415,0.1684962212,0.1673437983,0.1666698158,0.1664614107,0.1235044754,0.0872654051,0.0832841397,0.1178283662,0.1670049856,0.1631127208,0.163190668,0.1577875118,0.1411569398,0.0936982015,0.0922964306,0.0705586642,0.1637248461,0.1616802044,0.16104515,0.160071838,0.1670055282,0.1657307521,0.165642738,0.1652702309,0.0469035551,0.0480132499,0.0479329599,0.0479538224,0.0586188349,0.0429178551,0.0411304027,0.0583936718,0.0500561571,0.0498343107,0.0499525595,0.0483727422,0.0416127336,0.0296319085,0.0293562438,0.0225872185,0.0462446665,0.0471261171,0.0470577327,0.0468614059,0.0489118065,0.0493302328,0.0493665553,0.049302794,0.7479927904,0.9742749467,0.9859085696,0.9927904309,0.4312633131,0.5616909717,0.5684089792,0.5723414714,0.6780271997,0.8830083565,0.8936588563,0.9000491562,0.7414386367,0.9655906931,0.9772243159,0.9841061773,0.7479927904,0.9742749467,0.9859085696,0.9927904309,0.7479927904,0.9742749467,0.9859085696,0.9927904309,10,2,2,1.4,10,2,2,2,10,2,1.5,1.6,10,1,1,1,10,3,2,1.6,10,3,2,1.6,10,6,5.5,4.8,10,6,6,6,10,6,5.5,5.4,10,5,4.5,4.4,10,6,6,5.4,10,6,6,5.4,20,13,13,12.2,20,14,13.5,13.8,20,13,13,12.6,10,11,12,12.4,20,13,14,12.6,20,13,14,12.6
8,0.922990345,0.9091873874,0.9078578761,0.9068299412,0.8028333031,0.7270699703,0.7219812949,0.7153225037,0.9142895699,0.8938140613,0.8919002064,0.8899614831,0.904436013,0.8797222771,0.8761903367,0.8721265666,0.9097488824,0.8941785029,0.8928599741,0.891595979,0.9063231692,0.8985379794,0.897878715,0.8972467175,0.1670230542,0.1656342332,0.1656617853,0.1646649634,0.0911960236,0.0567085056,0.0477254117,0.0754071532,0.1470500021,0.1320838598,0.1279740263,0.0988278045,0.1316699084,0.0999609268,0.08848875,0.0676597986,0.1639199206,0.161517973,0.1608100085,0.1591545037,0.1660442571,0.1642943586,0.1640338553,0.1630142361,0.0452396537,0.0455445807,0.0456188655,0.0453957671,0.0283981816,0.0194989849,0.0165258477,0.0263542503,0.0402088154,0.0369438862,0.035871173,0.0277618207,0.0363955842,0.0284069556,0.0252481528,0.0193950629,0.0450453756,0.0451582018,0.0450266596,0.0446262958,0.0458016143,0.0457115788,0.0456726094,0.0454206833,0.7492568179,0.9764766705,0.9881090862,0.9950885356,0.7497738141,0.9764766705,0.9881090862,0.9950885356,0.7497738141,0.9764766705,0.9881090862,0.9950885356,0.7316789453,0.9529533411,0.9643272586,0.9710482099,0.7497738141,0.9764766705,0.9881090862,0.9950885356,0.7497738141,0.9764766705,0.9881090862,0.9950885356,10,2,2,1.8,10,1,0.5,0.2,10,2,2,2,10,1,1.5,1.6,10,2,2,2,10,2,2,2,10,6,6,6,10,3,3.5,3.8,10,7,6,6.2,10,6,5.5,6,10,7,6.5,6.2,10,7,6.5,6.2,20,13,13.5,13.6,10,11,12,11.6,20,14,13.5,13.8,10,13,13.5,14,20,14,13.5,14.2,20,14,13.5,14.2
9,0.8750145424,0.830877772,0.8275992605,0.823888374,0.8022569395,0.7216468196,0.7160266695,0.7087532197,0.7346305731,0.6301434231,0.6232368397,0.6152024751,0.7628065269,0.7013984957,0.6945904017,0.6891813652,0.8574678374,0.811051947,0.8075268042,0.8031703452,0.8151698386,0.7919618934,0.790199322,0.7880210925,0.1350949833,0.0878192218,0.0901188493,0.0981697542,-0.114277923,-1.03600189,-1.087428381,-1.02021419,0.096949048,0.0003469759,-0.038291759,-0.032637839,-0.093875482,-0.464135497,-0.503675297,-0.201824783,0.1285497535,0.0813910797,0.0797224328,0.0836654156,0.1332038178,0.087098898,0.0865216707,0.0891788328,0.0385979252,0.0264236283,0.027222973,0.0297885482,-0.035611385,-0.35890198,-0.379674538,-0.359862277,0.0329924494,0.0001376575,-0.015360035,-0.013263048,-0.030766478,-0.165432169,-0.181285005,-0.073211782,0.037479468,0.0250881217,0.0246810485,0.0260422388,0.0408515537,0.0274946619,0.0273733691,0.0282920196,0.7489563039,0.9756934781,0.9872901011,0.994248075,0.7492346229,0.9756934781,0.9872901011,0.994248075,0.7492346229,0.9756934781,0.9872901011,0.994248075,0.682901939,0.8899712404,0.9006401336,0.9069486965,0.7492346229,0.9756934781,0.9872901011,0.994248075,0.7492346229,0.9756934781,0.9872901011,0.994248075,10,2,1.5,1.2,10,1,0.5,0.4,10,1,0.5,0.2,10,1,1.5,1.4,10,2,1.5,1.2,10,2,1.5,1.2,10,6,5,4.6,10,3,3,3,10,3,2.5,2.4,10,6,5.5,4.8,10,6,5,4.6,10,6,5,4.6,20,13,12.5,11.8,20,10,10.5,11.2,10,10,10,10.2,10,13,12.5,12.4,20,13,12.5,13.2,20,13,12.5,13.2
10,0.9188805839,0.9014332236,0.8997959255,0.8982127162,0.6445414135,0.6251820362,0.6232124779,0.6205446963,0.8716870566,0.8372742858,0.8338943067,0.8304839129,0.838073864,0.7827130814,0.7765493338,0.770188466,0.9026555663,0.8830971781,0.8809771903,0.8793176154,0.8857260782,0.8759468841,0.8748868901,0.8740571027,0.1605084863,0.1512036931,0.1504276132,0.1514320512,0.0399693254,-0.536793687,-0.540409625,-0.050729308,0.1410182222,0.1028783439,0.0710603632,0.0936561275,0.073364361,-0.047037122,-0.075552201,-0.042825605,0.1563623078,0.1482922054,0.1466963951,0.1428042189,0.1593039535,0.1531832095,0.1523368537,0.1490559242,0.0436695717,0.0419342468,0.0417949251,0.0421481595,0.015503009,-0.214654955,-0.21678386,-0.020437411,0.0404440507,0.0307182323,0.0213037679,0.0281932395,0.0218848136,-0.015023744,-0.024323053,-0.013901015,0.0433061939,0.0419807154,0.0416288857,0.0406008638,0.0449642269,0.0437193203,0.0435304425,0.0426333485,0.74968437,0.9764329602,0.9880481441,0.995034088,0.5283225318,0.6879892265,0.6959851864,0.7008669304,0.7309149062,0.9518559044,0.9632185843,0.9700361922,0.7286423702,0.9489941924,0.9603568723,0.9671744803,0.74884269,0.9751704402,0.9867856241,0.9936874001,0.74884269,0.9751704402,0.9867856241,0.9936874001,10,2,2,1.8,10,1,1,1.4,10,2,2,2,10,1,1.5,1.4,10,2,2,1.8,10,2,2,1.8,10,6,6,5.6,10,5,5,6,10,7,6.5,6.2,10,5,5.5,5.8,10,7,6.5,6,10,7,6.5,6,20,14,14,13.2,20,13,14.5,14,20,15,14.5,14.2,10,13,14,13.8,20,15,14.5,13.6,20,15,14.5,13.6
11,0.9023647411,0.8813015979,0.8792751387,0.8771555318,0.3988347424,0.3677611243,0.3646119206,0.3615041527,0.8622562953,0.8302594047,0.8274528751,0.8245874237,0.8271600897,0.7708528979,0.7653358869,0.760990846,0.887125151,0.8650448418,0.8629401518,0.8608091915,0.8651264289,0.8540862743,0.8530339293,0.8519684491,0.1748273838,0.1743834829,0.1743806955,0.1735287914,0.0002249469,-1.225090304,-1.371749723,-0.243780423,0.1742484331,0.169731846,0.1720723354,0.1686697018,0.1667160482,0.1551780299,0.1553059689,0.1299622935,0.1688917368,0.1681668215,0.1677056406,0.1675532968,0.1732772181,0.173908566,0.1740975613,0.1740449796,0.0484358973,0.0494675952,0.0495808103,0.0494578171,0.0001410026,-0.832803023,-0.940554632,-0.168587567,0.0505210672,0.0511080769,0.0519885605,0.0511376044,0.050388084,0.0503267324,0.0507313101,0.0426950909,0.0475952397,0.0486006081,0.0485855364,0.0486615671,0.0500728022,0.0509048591,0.0510230471,0.0510714275,0.7369537548,0.9599490878,0.9713194739,0.9781926177,0.3497666525,0.4557488333,0.4611794654,0.4644039033,0.7217649555,0.9400084854,0.9511243106,0.9578277471,0.7188799321,0.9363597794,0.9475604582,0.9540941875,0.737123462,0.9600339415,0.9714043275,0.9782774714,0.737123462,0.9600339415,0.9714043275,0.9782774714,10,2,1.5,1.6,10,1,0.5,0.6,10,2,1.5,1.4,10,1,1,1.4,10,2,2,1.8,10,2,2,1.8,10,6,5.5,5.2,10,3,2.5,4.2,10,6,5,5,10,5,5,5.2,10,7,6,5.6,10,7,6,5.6,20,14,13,12.4,20,10,9.5,14.6,20,13,12.5,12.6,10,13,13,13,20,14,13.5,13,20,14,13.5,13
12,0.9014522072,0.8819134709,0.8799361659,0.8778813442,0.8004433651,0.7802560251,0.7770140141,0.774314368,0.7616285085,0.7192011063,0.7128142533,0.7077500547,0.8448184262,0.7914297635,0.7849959638,0.7800433791,0.8882874745,0.8675117468,0.8654995886,0.8633317253,0.8837165943,0.8733287305,0.8723226514,0.8712387198,0.1466150163,0.1314866267,0.1282305019,0.1208366495,0.1050118417,0.0572218301,0.060434735,-0.129734913,-0.126893713,-0.740169876,-0.89679954,-1.327326531,0.0407035657,-0.217107488,-0.192845043,-0.248481577,0.1463268372,0.1297027677,0.1250976144,0.1152257656,0.1448258384,0.1314316497,0.1303655358,0.1195205807,0.0406607846,0.0372731087,0.0364317626,0.0344114413,0.0327980236,0.0183343122,0.0194445447,-0.041887029,-0.041652102,-0.25728891,-0.31452778,-0.468854267,0.0120450633,-0.068580782,-0.061415935,-0.079637102,0.0411822865,0.0373778131,0.0361345101,0.0333665966,0.0409706685,0.0376237621,0.037361616,0.034296163,0.7329950985,0.9554561871,0.966979104,0.9737724654,0.6502708745,0.8467624043,0.8569094505,0.8629288847,0.6323845559,0.8241465302,0.8338636168,0.8400550348,0.7244818987,0.9443632299,0.9557141629,0.9624215324,0.7337690257,0.955542179,0.966979104,0.9737724654,0.7337690257,0.955542179,0.966979104,0.9737724654,10,2,2,1.8,10,2,2,1.8,10,2,2,2.2,10,1,1.5,1.2,10,2,2,2,10,2,2,2,10,6,6,5.6,10,6,6.5,6.2,10,6,7,6,10,5,5,5,10,6,6.5,6,10,6,6.5,6,20,13,14,13.2,20,14,15.5,14,10,15,14.5,13.6,10,12,12.5,13,20,14,14.5,13.8,20,14,14.5,13.8
13,0.9290529726,0.9214211459,0.9205744003,0.9197003115,0.5709858032,0.5576782733,0.5559972684,0.5543266423,0.9202395902,0.8998781302,0.8972151912,0.8946205313,0.9071846299,0.866771126,0.8613698038,0.8562086176,0.90736381,0.8985865692,0.8977110579,0.8968368637,0.9020206778,0.8976320574,0.8971943018,0.8967572047,0.1655742108,0.1617444444,0.16064936,0.1594339759,0.0600746672,-0.544721061,-0.359255484,-0.880489268,0.1400633609,0.1225136622,0.1175128548,0.1110049317,0.0771734145,-0.032814621,-0.079342767,-0.064852437,0.1631622948,0.1581366468,0.156423048,0.1556105237,0.1644492749,0.1603812509,0.1591031142,0.1583586395,0.0445545668,0.0438845052,0.0436274786,0.0433385674,0.0263030477,-0.244191449,-0.161536533,-0.39709857,0.0380507866,0.0340361817,0.0327437765,0.0310201163,0.0212672845,-0.009464615,-0.023028079,-0.018935933,0.0449550371,0.043995941,0.0435616356,0.0433776002,0.0455780225,0.0446678707,0.0443335167,0.0441475794,0.7379834925,0.9671467875,0.9790688892,0.9860818903,0.4632896369,0.6033338728,0.6105626585,0.6147704591,0.7362572153,0.9628310946,0.9745913578,0.9814964665,0.7410584237,0.9670928413,0.9787991584,0.9858661056,0.743162324,0.9677941414,0.9793386201,0.9862437288,0.743162324,0.9677941414,0.9793386201,0.9862437288,10,3,2.5,2.2,10,2,1.5,1.6,10,3,3,2.2,10,2,2,1.8,10,3,2.5,2.2,10,3,2.5,2.2,10,7,6,6,10,5,5.5,6.2,10,8,6.5,6.6,10,7,5.5,5.2,10,8,6.5,6.4,10,8,6.5,6.4,20,14,13.5,13.4,20,13,14,14.6,10,16,15,14.2,10,13,13,12.6,20,15,14,13.8,20,15,14,13.8
14,0.9161997687,0.8979170254,0.8955888808,0.8939759971,0.7314581429,0.666929701,0.6580635696,0.6487765752,0.6696184467,0.6059491909,0.5983599561,0.5925023098,0.84863071,0.7968360708,0.7895038885,0.7833102552,0.8906874216,0.8687210664,0.8661071327,0.8638514964,0.8629914615,0.8520082839,0.850701317,0.8495734988,0.1420393196,0.119269728,0.0995783755,0.0930940836,-0.980374773,-2.071888043,-2.208496719,-2.272074435,-0.702183797,-1.318640983,-1.380498405,-1.478544695,0.0714020818,-0.121031108,-0.404861571,-0.3526106,0.1323244339,0.0983912321,0.0816469654,0.0652821508,0.1401184944,0.1154984176,0.1051618159,0.095948747,0.0387577373,0.0332073356,0.0277968992,0.0260337201,-0.335075487,-0.776651587,-0.839013441,-0.875522685,-0.262158174,-0.544039419,-0.576784255,-0.623856089,0.0210344974,-0.037972399,-0.128201259,-0.112538613,0.0371410976,0.0283149667,0.0235672246,0.0188927585,0.0405909272,0.0338900512,0.0309044473,0.0282343868,0.7418994413,0.9663563004,0.9779019243,0.9847299814,0.6543761639,0.8522656735,0.8624456859,0.8686530106,0.5990068281,0.7801365611,0.7894475481,0.7950341403,0.7243947858,0.9433891993,0.9546865301,0.9615145872,0.7412787089,0.965238982,0.9767846058,0.9836126629,0.7412787089,0.965238982,0.9767846058,0.9836126629,10,2,2,1.8,10,1,1.5,2,10,3,3,2.6,10,1,1.5,1.2,10,2,2.5,2,10,2,2.5,2,10,7,6.5,6,10,6,6.5,6.6,10,9,8,6.8,10,6,5.5,5.2,10,8,7,6.4,10,8,7,6.4,20,15,15,13.4,20,15,14.5,15.2,10,18,16,14.6,10,14,14.5,13.4,20,17,15.5,14.2,20,17,15.5,14.2
15,0.9243713204,0.9125722836,0.9112693341,0.9098982971,0.2357670689,0.2297184601,0.2283005235,0.2271262502,0.9060990794,0.8920798149,0.8897387673,0.8877867239,0.8883296393,0.850600528,0.8451093568,0.8409426802,0.9124889596,0.8995779044,0.8982660274,0.8969623637,0.8987170483,0.8922615207,0.8916055822,0.8909537504,0.1644810755,0.1591571993,0.1613188985,0.1630106896,0.101862025,0.0908032133,0.0955443274,0.1032631742,0.1452032215,0.1190422581,0.1197387981,0.1042529832,0.1122399159,0.0439570909,0.0067439441,-0.012678037,0.1587419076,0.157431588,0.1576052477,0.1558442665,0.1537038954,0.1534705731,0.1539946759,0.1525989534,0.0444845788,0.0436012583,0.0442566463,0.0447881621,0.1080112942,0.0988201092,0.1046256114,0.1136627472,0.0400627329,0.0333608765,0.0336443691,0.029357553,0.0315873497,0.0129194285,0.0019949916,-0.003768996,0.0434914598,0.0437515159,0.043863745,0.0434366794,0.0427564759,0.0430004459,0.0431790354,0.0428189884,0.7429616088,0.9679463742,0.9795246801,0.9863497867,0.1851310177,0.240706886,0.2438756856,0.2455819622,0.7255332115,0.9449116392,0.9561243144,0.9627056673,0.7393053016,0.9625837904,0.9741620963,0.980865326,0.7435709933,0.9680682511,0.979646557,0.9864716636,0.7435709933,0.9680682511,0.979646557,0.9864716636,10,2,2,1.6,10,1,1.5,1.2,10,2,2,2,10,1,1,1.2,10,2,2,2,10,2,2,2,10,6,6,5.8,10,5,5.5,4.8,10,6,6,6.4,10,5,5.5,5.6,10,6,6.5,6,10,6,6.5,6,20,14,14,12.6,20,13,14,12.8,20,14,14.5,13,10,13,13.5,12.85,20,14,14.5,12.8,20,14,14.5,12.8
16,0.8778247106,0.8346305381,0.8297627924,0.8252863124,0.4791318736,0.4555921545,0.4527542115,0.448723425,0.5618249863,0.5278120418,0.5239291302,0.5199867262,0.7670082556,0.6859406258,0.6778146383,0.6698918808,0.8505487422,0.801213516,0.7956412065,0.7902342487,0.8088639924,0.7841963793,0.7814102246,0.7787067457,0.1611422107,0.1561646459,0.1520603511,0.1517649674,0.1040826045,0.0294141282,0.0103633672,-0.019407724,0.0980532026,0.0200742222,-0.219645576,-0.253550822,0.1328584056,0.0219287511,-0.020437974,-0.02659952,0.1311882671,0.1026279508,0.0935519941,0.0837901818,0.1559599702,0.1502046371,0.1477825212,0.1465386189,0.0458924797,0.0467765792,0.045814404,0.0459734292,0.0543079109,0.0161406029,0.0057224024,-0.010812743,0.0436315601,0.0095082248,-0.104806912,-0.121902546,0.043304099,0.0079922191,-0.007538187,-0.009926796,0.038559891,0.0320226596,0.0293951574,0.0265080202,0.0482033975,0.0478848924,0.0472807101,0.0470455084,0.7409246951,0.9649404718,0.9764078592,0.9833467241,0.4031115331,0.5250894748,0.5312979329,0.5351690892,0.4719158571,0.6147103937,0.6220875027,0.6263969031,0.7217149953,0.9400335987,0.9512088233,0.9580016069,0.7409246951,0.9648674312,0.9763348185,0.9832736834,0.7409246951,0.9648674312,0.9763348185,0.9832736834,10,2,2,1.8,10,2,1.5,1.8,10,2,2,1.6,10,1,1,1.2,10,3,2.5,2.2,10,3,2.5,2.2,10,6,6,6,10,6,5.5,7.4,10,6,5,5.6,10,5,4.5,5.4,10,7,7,6.8,10,7,7,6.8,20,14,14,14.2,20,14,13.5,16.6,10,14,13,14.4,10,13,12.5,14.2,20,15,14.5,15.35,20,15,14.5,15.35
17,0.9160351502,0.9046879123,0.9034129398,0.9021168773,0.1348055167,0.1240409481,0.1232026195,0.1224526626,0.8493605136,0.8012745025,0.7944132513,0.7893897554,0.8620825005,0.8215704461,0.8161641776,0.8116209384,0.8985115712,0.8855590841,0.8844160389,0.8832254265,0.8851160215,0.8786397779,0.8780682554,0.8774729492,0.1801488258,0.1790236856,0.1786742853,0.1785510362,0.0645972458,-0.55256269,-0.612113485,-0.644026953,0.1765809022,0.1707979176,0.1708880224,0.1733383122,0.1795725751,0.1783807443,0.1779543104,0.1775157962,0.1718980882,0.1712463593,0.1709797182,0.1710785185,0.1804572557,0.1802174556,0.1801403834,0.1800663139,0.0491653693,0.0494711168,0.0494442456,0.0494811262,0.119797111,-1.113669919,-1.242086994,-1.314848814,0.0519746619,0.0532894523,0.0537780626,0.0548963015,0.0520752292,0.0542804166,0.0545093485,0.0546794038,0.0478285683,0.0483441372,0.0483312465,0.0484243641,0.0509699439,0.0512774006,0.0512888327,0.0513025257,0.7340531659,0.9625022006,0.974179919,0.9812217593,0.1189484185,0.1549791679,0.156856992,0.157913268,0.7175635233,0.9387946717,0.9500616161,0.9567513644,0.7218473094,0.9424916378,0.9538172642,0.9606830585,0.7385129981,0.9618566986,0.973299689,0.9801654832,0.7385129981,0.9618566986,0.973299689,0.9801654832,10,2,2,1.6,10,2,1,0.6,10,2,2,2.2,10,1,1.5,1.2,10,2,2,1.8,10,2,2,1.8,10,6,5.5,5,10,4,3,2.8,10,7,7.5,7.2,10,5,5.5,4.8,10,7,6,5.6,10,7,6,5.6,20,13,13,11.8,20,10,9,10.7,10,15,15.5,11.8,10,13,13.5,11.6,20,14,13.5,12.4,20,14,13.5,12.4
18,0.9034388926,0.8879315384,0.8864150054,0.8849958665,0.5289324611,0.5150375071,0.5135504213,0.5116929547,0.8982081898,0.8830653271,0.8815222916,0.8799103277,0.872420367,0.8421193726,0.838244988,0.8346433721,0.8893379169,0.8726420939,0.870913977,0.8695091254,0.8794940309,0.8711461194,0.870282061,0.8695796352,0.1497804237,0.1283361391,0.126738523,0.1321957142,-0.005593536,-0.502020963,-0.475378921,-0.158795567,0.1308310351,0.1007211229,0.0836386443,0.0987313035,0.0875396804,-0.031566808,-0.057356271,-0.037882208,0.1471492839,0.1278305941,0.1257793965,0.1288509969,0.1485658929,0.1289095378,0.1274045824,0.1308077597,0.0414473035,0.0361334556,0.0357446913,0.0373435965,-0.002643786,-0.243681749,-0.231417842,-0.077583425,0.0364144517,0.0285146296,0.0237199459,0.0280515242,0.0250852925,-0.009371239,-0.017106059,-0.011346825,0.0413648404,0.0366217133,0.0361055741,0.0370470514,0.0422305006,0.0369942352,0.0365986466,0.0376066074,0.7392518146,0.9629257398,0.974427694,0.9813512004,0.4272473479,0.5566722501,0.5633724176,0.5673925181,0.7310999442,0.9522054718,0.9634840871,0.9704075935,0.7226130653,0.9411501954,0.9524288107,0.9591289782,0.7393634841,0.9629257398,0.974427694,0.9813512004,0.7393634841,0.9629257398,0.974427694,0.9813512004,10,2,2,2,10,2,2,2,10,3,2.5,2,10,1,1.5,1.8,10,3,2.5,2,10,3,2.5,2,10,7,6,6,10,6,6,6.4,10,7,6.5,6.2,10,6,5.5,6.2,10,7,6.5,6,10,7,6.5,6,20,14,13.5,13.8,20,15,14,14,20,15,14,14,10,14,13.5,14.8,20,14.5,14,14,20,14.5,14,14
19,0.8251894024,0.7919523157,0.7891376104,0.7860888288,0.5955072609,0.5534799525,0.5488985089,0.5438300726,0.7831228515,0.7345261513,0.7306303021,0.7260573135,0.7701796368,0.7214868982,0.7160238315,0.710384863,0.8028348872,0.7668817987,0.7635593308,0.7602759214,0.7733253758,0.7553488316,0.7536875976,0.7520458929,0.1459380663,0.1262607464,0.1191651286,0.1139939628,0.0673279189,-0.079879425,-0.567826027,-0.541183516,0.1318371873,0.0936359369,0.0776130811,0.0615158908,0.0713504543,-0.088309981,-0.120506508,-0.172451844,0.1346552392,0.1075358451,0.0996145588,0.087923714,0.1415455652,0.1233913481,0.1185540394,0.1112382255,0.044213506,0.0398574333,0.0377516947,0.0362535246,0.0282649446,-0.036080541,-0.258620682,-0.248783372,0.0420870069,0.0318695041,0.0265568923,0.0211814858,0.0231603288,-0.030599995,-0.042074894,-0.060689583,0.0419311746,0.0350561994,0.0326151992,0.0289117778,0.0457587355,0.0408391934,0.0393246618,0.0369785363,0.6978451115,0.9088171638,0.9196386563,0.9261315517,0.5203726357,0.6776136257,0.6855180201,0.6907876164,0.6860826197,0.8934788746,0.9041121671,0.9105109626,0.6679213325,0.869953891,0.8803048838,0.8865154794,0.6968100122,0.9074056648,0.9182271572,0.9247200527,0.6968100122,0.9074056648,0.9182271572,0.9247200527,10,2,2,2,10,2,1,0.8,10,2,2,1.8,10,1,1,1.6,10,3,2.5,2,10,3,2.5,2,10,7,6,6,10,4,4,4.8,10,7,6,5.6,10,5,5,6,10,7,6.5,6.2,10,7,6.5,6.2,20,14,14,13.4,20,13,12,13.4,20,13.5,13.5,14,10,13,14,14.2,20,15,14.5,14.2,20,15,14.5,14.2
20,0.8746692407,0.8265938121,0.8220157652,0.8169970149,0.5209067916,0.4746044706,0.4696753077,0.464209826,0.5139201785,0.4549401248,0.4483980174,0.4433445821,0.7668357575,0.6888359979,0.6808910035,0.6729013081,0.8459547107,0.7936010656,0.7882614328,0.7826188165,0.8054403305,0.7792635079,0.7765936916,0.7737723834,0.1487591141,0.1297517714,0.1319087945,0.1302815485,0.0155958723,-0.463831716,-0.851120546,-0.417042635,-0.102984045,-0.489703402,-0.41968141,-0.551496971,0.10428927,0.0305171291,-0.006889351,0.0431659805,0.1262706024,0.0965458162,0.0858070308,0.0667751926,0.1446525506,0.1329605906,0.1280143157,0.1211588428,0.0425186765,0.0392429055,0.0401174771,0.0398659806,0.007484963,-0.244325404,-0.453036668,-0.22459813,-0.050097296,-0.269103215,-0.233989332,-0.310986642,0.0339998719,0.011075615,-0.002529535,0.0160372628,0.0373160055,0.0304138378,0.027214014,0.0213306885,0.0448985931,0.0426558504,0.0412101969,0.039145505,0.7497863451,0.9764504795,0.9880353243,0.9950621973,0.4687114234,0.6105782927,0.6177001234,0.6221631374,0.459215649,0.5977589972,0.6049757858,0.608964011,0.7211091064,0.939227044,0.9503371,0.9571740575,0.7497863451,0.9764504795,0.9880353243,0.9950621973,0.7497863451,0.9764504795,0.9880353243,0.9950621973,10,2,1.5,1.6,10,1,1.5,1.4,10,3,2,1.8,10,1,1.5,1.4,10,2,1.5,1.8,10,2,1.5,1.8,10,6,5.5,5.6,10,5,5.5,5.6,10,7,6.5,6.2,10,5,5.5,5,10,6,6.5,6.2,10,6,6.5,6.2,20,14,13.5,14,20,14,13.5,14.2,20,15,15,13.6,10,13,13,12.8,20,15,14.5,14.6,20,15,14.5,14.6
21,0.9194922435,0.9002833982,0.8976533051,0.8950282757,0.7254027243,0.6593058646,0.6516752776,0.642678026,0.8173983171,0.7184260695,0.7036136988,0.6920082622,0.8356650164,0.756879309,0.7470127657,0.7372647528,0.9048903754,0.880101715,0.8767470055,0.8734390055,0.8695059567,0.8571116265,0.8554342718,0.8537802717,0.1460814769,0.1286837923,0.1225358797,0.1001931933,-0.065993807,-0.853277256,-1.185148484,-1.348070429,-0.264668344,-1.043053167,-1.096159366,-1.103760088,0.015605192,-0.145754448,-0.178698866,-0.601178245,0.1319576983,0.1045699524,0.0943740565,0.0519291062,0.1410801719,0.1243370799,0.1176202992,0.0925151124,0.0397179742,0.0357342456,0.0341267277,0.0279860413,-0.022743852,-0.323551368,-0.454654536,-0.524395722,-0.0809484,-0.362964685,-0.389474852,-0.398752496,0.004668495,-0.048143226,-0.059804489,-0.203854261,0.0364568189,0.0297039395,0.0269102877,0.0148634037,0.0405633138,0.036266303,0.0343744409,0.0270898484,0.7386519945,0.9622262194,0.9737593905,0.9806369696,0.6591895038,0.8584276796,0.8686911438,0.8749338694,0.7372764787,0.9602158502,0.9716432124,0.9785207915,0.7385461856,0.9619087927,0.9733361549,0.980213734,0.7387578034,0.9620146016,0.9735477727,0.9804253518,0.7387578034,0.9620146016,0.9735477727,0.9804253518,10,2,2,2.2,10,2,1.5,1.8,10,2,3,2.4,10,1,1.5,1.8,10,3,2.5,2.6,10,3,2.5,2.6,10,7,6.5,6.4,10,6,5.5,6.6,10,9,6.5,7.4,10,6,6,6.2,10,8,7,6.8,10,8,7,6.8,10,14,14.5,15,20,14,14,16.6,10,13,15,14.8,10,14,14.5,15.2,20,15,15,15.4,20,15,15,15.4
22,0.7920399617,0.7470399955,0.7435208267,0.7397452445,0.5334879581,0.5017554042,0.4974751778,0.4930730149,0.5292305892,0.5145426308,0.5129012473,0.5114025233,0.7162039545,0.6526105957,0.6466904978,0.6414026727,0.7710170014,0.7227332899,0.7187725351,0.7145635494,0.7686906927,0.744548837,0.7425684596,0.7404639668,0.1733503357,0.1726621857,0.1722826612,0.1716908623,-0.143181699,-0.917601254,-1.200872086,-1.651990645,0.1727532538,0.1706806288,0.1697001703,0.169990718,0.1725713446,0.1707510869,0.1699384629,0.1671633692,0.1592322499,0.1549177989,0.1527481035,0.1523764287,0.1729145015,0.1719947043,0.1717239232,0.1717084403,0.0547164108,0.057782109,0.0579279877,0.0580236451,-0.067096969,-0.457195501,-0.603483419,-0.8375994,0.0816058526,0.0829283225,0.0827158109,0.0831002538,0.0602381987,0.0654107856,0.0656954384,0.0651553916,0.0516305897,0.0535874717,0.0531281094,0.0533110137,0.0562366967,0.0577513172,0.0578141722,0.05797326,0.6873690921,0.89563792,0.9062926874,0.9127584009,0.4583371278,0.5967580366,0.6039522812,0.6083234678,0.4292869502,0.5596029506,0.5663418632,0.5701666515,0.6504872052,0.8471906019,0.8572079046,0.8632182861,0.6874601585,0.8952736545,0.9059284218,0.9123941353,0.6874601585,0.8952736545,0.9059284218,0.9123941353,10,2,1.5,1.2,10,2,1.5,1.4,10,2,1.5,1.6,10,1,1,1.2,10,2,2,1.4,10,2,2,1.4,10,6,5.5,4.8,10,5,5.5,6.2,10,6,6,5.8,10,5,5,4.8,10,6,6,5.4,10,6,6,5.4,20,13,13.5,12.4,20,13,14.5,15.4,20,15,13.5,13.2,10,13,13,12.2,20,14,14,13.2,20,14,14,13.2
23,0.8891915713,0.8789068215,0.877893599,0.8768927483,0.5263834279,0.5035737313,0.501485879,0.4990918023,0.8467325833,0.8307917584,0.8291510966,0.827683098,0.8500728762,0.8128405629,0.8077915182,0.8029647142,0.8736345428,0.86096276,0.8598284385,0.8588732822,0.8505778619,0.8442419705,0.8436748098,0.8431972316,0.1704416845,0.1691183982,0.1687363008,0.1655750169,0.0567831947,-0.171920788,-0.170187683,-0.759533265,0.1643059604,0.1576947369,0.1565021494,0.1537780291,0.1358402697,0.0976152377,0.0973535247,-0.005400868,0.1661423196,0.1644471388,0.1643215685,0.1621491856,0.169753842,0.1688780582,0.168653001,0.166455531,0.047920406,0.0481047575,0.0480514669,0.0472050365,0.0269685517,-0.085350356,-0.084841712,-0.380457694,0.0485117626,0.0474531479,0.0471874638,0.0464483416,0.0399495953,0.0300228736,0.030129533,-0.00168154,0.0475434268,0.0477509442,0.0477774289,0.0471982273,0.049893681,0.0500087843,0.0499757131,0.0493524898,0.7149329635,0.9322237633,0.9433194637,0.949976884,0.4329172446,0.5637540453,0.5703190014,0.5743874249,0.6858992141,0.8937586685,0.9044845123,0.91086454,0.710309755,0.9252889505,0.9364771151,0.9431345354,0.7154877485,0.9318539066,0.942949607,0.9496070273,0.7154877485,0.9318539066,0.942949607,0.9496070273,10,2,2,1.8,10,2,1,1,10,2,2,2,10,1,1,1.6,10,2,2,2,10,2,2,2,10,6,5.5,5.6,10,4,4,4.6,10,7,6,6,10,5,5,5.2,10,7,6.5,5.8,10,7,6.5,5.8,20,14,12.5,13.4,20,12,12.5,13.2,20,14,13.5,13.8,10,13,11.5,13.2,20,14,13.5,13.6,20,14,13.5,13.6
24,0.8784741973,0.8673844855,0.8663316191,0.8654881367,0.820539857,0.8007923468,0.7983949768,0.7960081539,0.8676342883,0.8507974858,0.8488479062,0.8470985085,0.830148095,0.7878445812,0.7826339754,0.7770719186,0.8552920236,0.8422230021,0.8409591235,0.839874899,0.8307728142,0.8242383034,0.8236063641,0.8230642519,0.1670689126,0.1637583076,0.1620781405,0.159148264,0.1111639829,0.0299857271,-0.017441149,-0.152299535,0.1358499335,0.0959945106,0.0867015119,0.0703925749,0.0914471792,-0.022103723,-0.034748149,-0.278695665,0.1628051446,0.1576469758,0.1554279273,0.1556019037,0.1647336504,0.1619412526,0.1604513302,0.1608340671,0.0475451963,0.0471988808,0.0467713913,0.0459706659,0.03386916,0.009361268,-0.005461316,-0.047832279,0.0391437773,0.028207215,0.025535055,0.020774613,0.0275394173,-0.007013986,-0.011099745,-0.089662121,0.04758759,0.0467949033,0.0462055536,0.0463169884,0.0495724124,0.0491184564,0.0487038885,0.0488522211,0.7039936218,0.917228383,0.9281727912,0.9346959484,0.6679712981,0.8698267739,0.8801913459,0.8864245851,0.6993549322,0.9111401029,0.9220120316,0.9285351888,0.694208886,0.904109589,0.9149090382,0.9213597159,0.7034862651,0.9162136696,0.9270855983,0.9336087555,0.7034862651,0.9162136696,0.9270855983,0.9336087555,10,2,2,1.8,10,2,1.5,1.4,10,2,2,2.2,10,1,1,1,10,3,2,2.2,10,3,2,2.2,10,6,5.5,6,10,5,5,5.4,10,6,6.5,7,10,5,4.5,4.8,10,7,6.5,6.4,10,7,6.5,6.4,20,14,13.5,13.2,20,13,13.5,13.4,20,14,14,14.6,10,12,12,12.8,20,14,14,14.2,20,14,14,14.2
25,0.8971227967,0.8732057412,0.8713634256,0.8696140106,0.7621371228,0.7344478598,0.7315691326,0.7289647929,0.8460252286,0.8309758719,0.8292881459,0.8283133315,0.8451954568,0.7994262741,0.7941357099,0.7891276114,0.8803447716,0.8549349714,0.8530124234,0.8509545635,0.8569075499,0.8442026498,0.8432413758,0.8422124458,0.1708565382,0.1697748518,0.1692552225,0.1693275144,0.1267901585,0.0799563118,0.0711065169,0.0340266654,0.1687855568,0.1636127208,0.1634169218,0.1644599931,0.1514462025,0.1277130319,0.116740521,0.1169906676,0.1662321337,0.164811142,0.1645802659,0.1637034771,0.170032932,0.1692488569,0.1689645043,0.1684819538,0.0476123611,0.0486067727,0.0485604564,0.0486789289,0.0415903368,0.0272164697,0.0242993156,0.0116695161,0.0498760412,0.049223066,0.0492642161,0.0496370114,0.044796207,0.039938965,0.0367508096,0.0370632918,0.0472065431,0.0481940579,0.0482350143,0.0480940711,0.0496065567,0.0501209209,0.050093754,0.0500117146,0.7383212708,0.9624964752,0.9739637184,0.9808252655,0.6346461134,0.8264874518,0.8363568005,0.8422784096,0.680515086,0.8865494877,0.8971707867,0.9034683711,0.7207444309,0.9391860137,0.9503712755,0.957044835,0.739167215,0.9624964752,0.9739637184,0.9808252655,0.739167215,0.9624964752,0.9739637184,0.9808252655,10,2,2,1.8,10,2,1,1,10,2,2,2.2,10,1,1.5,1.6,10,2,2,1.8,10,2,2,1.8,10,7,6,5.2,10,5,4.5,5.6,10,7,7,6.4,10,6,5.5,5.2,10,7,6,5.6,10,7,6,5.6,20,15,13,12.6,20,12,12.5,13.8,20,16,15,13.4,10,15,12,13.2,20,15,14,13.2,20,15,14,13.2
26,0.9149855924,0.9028825725,0.9016989962,0.9005973119,0.3377264216,0.3080068155,0.3050306888,0.302168182,0.7364796612,0.6799486181,0.6573344001,0.6618078083,0.892499429,0.8617823975,0.8582121602,0.8545425234,0.9014921222,0.8884837875,0.8872175331,0.885905259,0.9028669944,0.8963628271,0.8957296998,0.8950735628,0.1649480402,0.1626588548,0.1629835982,0.1610180273,0.0503665387,-0.105716882,-0.107158068,-0.102062481,0.1133026759,0.0740705478,0.0625197479,0.0457349589,0.043326044,-0.15553309,-0.184140908,-0.268420068,0.1611498782,0.1582702141,0.1566447157,0.1568599974,0.1649379009,0.162658988,0.1612132886,0.1621706714,0.0450684802,0.0450387624,0.0451879172,0.0446975649,0.0372835345,-0.085807259,-0.087825645,-0.084441784,0.0384608978,0.0272338769,0.023777756,0.0172765259,0.0121361545,-0.045119595,-0.053640847,-0.078527417,0.0446897633,0.0445337935,0.0441393204,0.044265455,0.0456705976,0.0453663916,0.0449949601,0.0452953472,0.7442013609,0.9693422112,0.9809029048,0.9878539548,0.3008707105,0.3920392186,0.3967220312,0.3993561133,0.7100314626,0.9247091534,0.9356844955,0.9422697007,0.7409087583,0.9649520743,0.976439599,0.9833174801,0.7443476988,0.9693422112,0.9809029048,0.9878539548,0.7443476988,0.9693422112,0.9809029048,0.9878539548,10,2,2.5,2,10,1,1,0.8,10,3,3,2.8,10,2,2,1.6,10,3,2.5,2.2,10,3,2.5,2.2,10,7,6.5,6,10,4,3.5,4.8,10,8,8,7.6,10,6,6,5.4,10,7,6.5,6.4,10,7,6.5,6.4,20,15,14,13,20,11,11.5,14.4,20,17,16,16.2,10,15,13.5,12.8,20,15,14.5,13.6,20,15,14.5,13.6
27,0.9021581862,0.8719872866,0.8694501478,0.8674892055,0.6301152895,0.5066848066,0.5005738778,0.4929742482,0.666080036,0.5424062831,0.5313829025,0.522126563,0.8279276752,0.7606724843,0.7543762528,0.749351634,0.8839141865,0.8521755571,0.8495543655,0.8473875422,0.8603991581,0.8445298434,0.8432192476,0.8421358359,0.1569464823,0.1420287777,0.1419436141,0.136582038,0.122586184,0.0717222096,0.0681840603,0.0438867956,-0.152361954,-0.631941521,-0.623749897,-0.087950118,0.0609952758,-0.095854797,-0.09841559,-0.110267557,0.1554728051,0.139508481,0.1393633885,0.1330896327,0.1556523201,0.1396276103,0.1398780983,0.1333615673,0.0434919521,0.0407198533,0.04081419,0.0393613076,0.0486364107,0.0353879812,0.0340529457,0.0222561299,-0.057186053,-0.291267607,-0.29345595,-0.042111494,0.0184180568,-0.031503308,-0.032614889,-0.036787655,0.0439728221,0.040927154,0.0410107328,0.0392646888,0.045226776,0.0413329415,0.0414714497,0.039590278,0.7470570779,0.9762587793,0.9881293897,0.9949549906,0.7498268869,0.9764566228,0.9881293897,0.9950539124,0.7483430606,0.9761598576,0.9881293897,0.9950539124,0.7482441389,0.9762587793,0.9879315461,0.9948560688,0.7498268869,0.9764566228,0.9881293897,0.9950539124,0.7498268869,0.9764566228,0.9881293897,0.9950539124,10,2,1.5,1,10,1,0.5,0.2,10,1,0.5,0.2,10,1,1,0.6,10,2,1.5,1.2,10,2,1.5,1.2,10,5,5,4.2,10,1,0.5,0.2,10,2,3.5,3.2,10,4,4,3.2,10,6,5.5,4.6,10,6,5.5,4.6,20,13,11.5,11.6,10,7,7,6.4,10,12,10.5,8.8,10,11,10.5,10.4,20,14,12.5,12,20,14,12.5,12
28,0.8691945121,0.8206019864,0.8164383376,0.8127459355,0.6747534728,0.6221832249,0.6201265396,0.6151679483,0.7781210299,0.6871928414,0.6803600711,0.6737885422,0.7827191232,0.6996836511,0.6923028829,0.6849920253,0.850870476,0.7980635445,0.7934501283,0.7892465305,0.8252810721,0.7988776064,0.7965708983,0.7944690994,0.1581102056,0.1483802746,0.1477887731,0.1499441778,0.1189424678,0.0678136774,0.0128963398,0.0253350525,0.0560322329,-0.073168354,-0.100654999,-0.160586683,0.0943088654,-0.067385388,-0.099672776,-0.060958248,0.1508236892,0.1349773159,0.1322661383,0.1369080309,0.1562394166,0.144180667,0.143421554,0.1486024991,0.0454760711,0.0452047025,0.0452541136,0.0461227092,0.0440688609,0.0272482746,0.0051990759,0.0102959901,0.0180024157,-0.026618567,-0.03698593,-0.059583487,0.0301221928,-0.024077091,-0.035993197,-0.022247795,0.0443145265,0.0422827596,0.0416743704,0.0433666876,0.047329153,0.0451197611,0.0450121748,0.046761573,0.749176998,0.9765356868,0.9881627793,0.9950970092,0.7495272116,0.9763956013,0.9880226938,0.9949569237,0.7498073825,0.9765356868,0.9881627793,0.9950970092,0.7450444771,0.9703018841,0.9817888912,0.9887231211,0.7498073825,0.9765356868,0.9881627793,0.9950970092,0.7498073825,0.9765356868,0.9881627793,0.9950970092,10,2,2,1.6,10,1,0.5,0.2,10,2,2,1.8,10,1,1,1.2,10,2,2,2,10,2,2,2,10,6,5.5,5.4,10,3,2.5,2.4,10,7,6.5,6,10,5,5,5,10,7,6.5,5.8,10,7,6.5,5.8,20,14,13,13,10,10,9.5,9.6,20,14,15,14,10,13,13,13.2,20,14,14,13.8,20,14,14,13.8
29,0.915623393,0.8992698542,0.8975217883,0.8959343743,0.5541449022,0.5195583039,0.5187180428,0.5128958881,0.8928468018,0.8683686987,0.865493647,0.8619771982,0.8625079956,0.8138591677,0.8070170611,0.8015047737,0.9003225015,0.881917286,0.8799491645,0.8781346312,0.88570243,0.8764998223,0.8755157615,0.8746084949,0.156504891,0.1528097049,0.1524872976,0.1518635283,0.132641085,0.0848121845,0.0821244672,0.0655265689,0.14390548,0.1299871732,0.1267466072,0.1247161497,0.0835534041,-0.037813565,-0.034234838,-0.026203945,0.1527982084,0.1475185566,0.1463540382,0.1450863637,0.1549200849,0.1510527687,0.1505215361,0.1497206297,0.0427317859,0.0424816044,0.0424745392,0.04237574,0.0598404337,0.0408097531,0.0395804948,0.0319395078,0.0402940011,0.037422806,0.0366110738,0.0361715339,0.0242181535,-0.011615512,-0.010605364,-0.008173359,0.0424287431,0.0418175715,0.0415802538,0.0413052733,0.0437280287,0.0430840842,0.0429808185,0.0427964714,0.7499483364,0.9766480678,0.9882895915,0.9952469518,0.7497416822,0.9763725288,0.9880140525,0.9949714128,0.7499483364,0.9766480678,0.9882895915,0.9952469518,0.7308672591,0.9521250947,0.9634221947,0.9701729007,0.7498794517,0.976579183,0.9882207068,0.9951780671,0.7498794517,0.976579183,0.9882207068,0.9951780671,10,2,2,2,10,1,0.5,0.2,10,2,2,1.8,10,1,1.5,1.8,10,2,2,2.2,10,2,2,2.2,10,6,6,6,10,1,1,0.8,10,7,6,5.8,10,6,6,5.6,10,7,6.5,6,10,7,6.5,6,20,14,13.5,13.8,10,8,7.5,7.8,20,14,14,13.6,10,14,13.5,13.8,20,15,14,14,20,15,14,14
30,0.9056091072,0.8845925128,0.8826134023,0.8806189627,0.8259954786,0.7936292402,0.7898390552,0.7860172958,0.7826564902,0.7173984944,0.7105479194,0.705213585,0.8473003253,0.7878230384,0.7813746837,0.7746887291,0.885354632,0.8614599298,0.8591128393,0.8566194566,0.8597080887,0.8477607376,0.8465871923,0.845340501,0.166570001,0.1637818584,0.1628767363,0.1585786421,0.0832385604,-0.009721042,-0.079784368,-0.330159349,-0.079170479,-0.423566417,-0.607842342,-1.123537224,0.1449780229,0.126158127,0.1272628364,0.1198977339,0.1569522754,0.149582348,0.1463776601,0.1400618488,0.1655429676,0.1626945718,0.1611697367,0.1575804847,0.0459828638,0.0462873741,0.0461347901,0.0450190857,0.0251934068,-0.003062211,-0.025253362,-0.105010205,-0.025289025,-0.147604999,-0.213863951,-0.398296788,0.0427764568,0.0400337769,0.0407176093,0.0386922287,0.0443190417,0.043409549,0.0425955862,0.040876333,0.0481392957,0.0479777385,0.0475939567,0.0466026662,0.7383775484,0.9616139214,0.9731297449,0.9800392391,0.6854900623,0.892774887,0.9034376866,0.9098353664,0.6663823253,0.8675253775,0.8779322699,0.8840740425,0.7341124286,0.9560692655,0.9674997867,0.9743239785,0.7385481532,0.9617845261,0.9732150473,0.9801245415,0.7385481532,0.9617845261,0.9732150473,0.9801245415,10,2,2,1.6,10,2,1.5,1.6,10,2,2,1.2,10,1,1.5,1.2,10,2,2,1.8,10,2,2,1.8,10,6,5.5,5.4,10,5,4.5,6.6,10,6,5,4,10,5,5,4.6,10,7,6,6,10,7,6,6,20,13,12.5,14,20,13,12.5,16.2,10,13,11.5,10.6,10,13,12,12.8,20,14,13.5,15.4,20,14,13.5,15.4
31,0.9089363569,0.8837305892,0.8816802493,0.8797227094,0.7592655378,0.6663461111,0.6603374207,0.6524053969,0.8360725152,0.7757741136,0.7703031236,0.762446203,0.8210930887,0.7673357904,0.7613663782,0.7562419852,0.8998243707,0.8730066889,0.8707216514,0.868633652,0.8604161064,0.8470072656,0.8458647468,0.8448207471,0.171206147,0.1679484116,0.1646808496,0.1640955429,-0.043973243,-0.599867975,-1.049540639,-1.886531015,0.1386885641,0.1165386078,0.1133913809,0.0788447652,0.1144386099,0.01652213,-0.030075422,-0.051657305,0.1683116265,0.1655403832,0.1647576806,0.1650373882,0.1702407047,0.1683551953,0.1674375651,0.1680047298,0.047089696,0.0475112024,0.0466951737,0.0466327461,-0.014478875,-0.225058706,-0.39735013,-0.72291363,0.0414702558,0.0375555867,0.0368008961,0.0258525667,0.0348433727,0.005382953,-0.009875476,-0.017076976,0.046762355,0.0474052448,0.0473049224,0.0474991349,0.0494646437,0.0496911898,0.0494870976,0.0497160878,0.746989283,0.9763562037,0.9879571318,0.9950281737,0.7496409237,0.9764666888,0.9880676168,0.9950281737,0.7485360734,0.9763562037,0.9879571318,0.9950281737,0.7167163849,0.9332670423,0.9443155452,0.951055132,0.7493094686,0.9764666888,0.9880676168,0.9950281737,0.7493094686,0.9764666888,0.9880676168,0.9950281737,10,2,1.5,1.6,10,1,0.5,0.2,10,1,1,1,10,1,1.5,1.4,10,2,1.5,1.8,10,2,1.5,1.8,10,6,5.5,5.2,10,3,2.5,2.4,10,5,5.5,5,10,6,5.5,5.4,10,6,6,5.8,10,6,6,5.8,20,14,12.5,12.6,10,10,10,10.6,10,14,12.5,13.6,10,14,13.5,12.4,20,15,13,13.2,20,15,13,13.2
32,0.9172725516,0.8979868688,0.8963214664,0.8944703326,0.5803038744,0.552014594,0.5477528657,0.5436062023,0.8882283959,0.8666594421,0.8640335516,0.8612685943,0.8586937979,0.8059134094,0.7997471868,0.7935329605,0.8997794915,0.8779701066,0.8758403241,0.8737149711,0.8787182861,0.8678135936,0.8667487024,0.8656860259,0.1470624597,0.1303129352,0.1230341472,0.113040793,-0.005793857,-0.13593196,-0.136448105,-0.231582472,0.0529936266,-0.389544046,-0.448773912,-0.4765838,-0.000628606,-0.229697181,-0.434694623,-0.209322338,0.1435624874,0.1263709478,0.1167150632,0.1017025708,0.1453300148,0.130194844,0.1212145373,0.1079632794,0.0400814511,0.0362791873,0.0343164121,0.0315943382,-0.002496044,-0.06156176,-0.062276308,-0.106502865,0.0149155406,-0.112369412,-0.12984852,-0.138337739,-0.000183012,-0.071253679,-0.135885012,-0.065946327,0.0398882417,0.0359838413,0.033315166,0.0291006146,0.0413471579,0.0375065697,0.0349624225,0.0311785325,0.7471785677,0.973209577,0.9848117287,0.9917730197,0.4868684738,0.6342158,0.6418099357,0.6463453222,0.7197553001,0.937348381,0.9485286362,0.955278979,0.7322012446,0.9534859192,0.9648771227,0.9716274655,0.7472840418,0.973209577,0.9848117287,0.9917730197,0.7472840418,0.973209577,0.9848117287,0.9917730197,10,2,2,1.6,10,1,1.5,1.6,10,2,1.5,1.6,10,1,1,1.2,10,2,2,1.8,10,2,2,1.8,10,6,5.5,5.2,10,5,6,6.4,10,6,5.5,5,10,5,4.5,4.4,10,6,5.5,5.8,10,6,5.5,5.8,20,13,13,12.8,20,14,14.5,14.8,10,13,12.5,12.8,10,12,11.5,12.6,20,14,13,13.8,20,14,13,13.8
33,0.9133612369,0.9003389109,0.8986751376,0.8975264341,0.7475706904,0.7084168412,0.704225943,0.6997992847,0.8504278795,0.8143084727,0.8082325197,0.8025617365,0.8712353055,0.8293034087,0.8234882966,0.8175192792,0.8919656648,0.877093853,0.8753997548,0.8742004335,0.8702936901,0.8628577842,0.8620107351,0.8614110744,0.1452879229,0.1239884883,0.1133633755,0.0977970808,-0.044669455,-0.763328165,-1.03764025,-2.014172073,0.0666962837,-0.003420923,-0.060084382,-0.102897315,0.0676846791,-0.073714999,-0.315174099,-0.348751395,0.1401660393,0.1207564146,0.1072310111,0.0916509414,0.1433978206,0.124846723,0.1114412456,0.0970859141,0.0397673771,0.0344282822,0.0315362501,0.0272407244,-0.014938204,-0.269378183,-0.36836198,-0.719553491,0.0196066843,-0.001050254,-0.018585116,-0.032052773,0.0194220432,-0.022221963,-0.095682629,-0.106649288,0.0392857161,0.0344194678,0.030623441,0.0262099336,0.0411923648,0.0361724508,0.0323201443,0.028176418,0.7330454068,0.9555270223,0.9668495389,0.9737364305,0.6337107506,0.8254931715,0.8351815104,0.8411345862,0.6858877086,0.8933115443,0.9040504261,0.9104704097,0.7261585152,0.9457219563,0.956927746,0.9638146376,0.7335123147,0.9552935683,0.966616085,0.9735029765,0.7335123147,0.9552935683,0.966616085,0.9735029765,10,2,2,2,10,2,1.5,1,10,3,3,2.75,10,1,1.5,1.6,10,2,2.5,2.15,10,2,2.5,2.15,10,7,6,5.8,10,5,4.5,4.6,10,8,8,6.8,10,6,5.5,5.2,10,7,6.5,6.2,10,7,6.5,6.2,20,14,13.5,12.8,20,14,12.5,12.4,10,16,16.5,14.2,10,15,13,12.8,20,15,14,13.4,20,15,14,13.4
34,0.8978752727,0.8663769633,0.8633786521,0.8614834412,0.864940632,0.8144311607,0.8100183756,0.8062560747,0.8013184542,0.743178417,0.7384211527,0.7328399505,0.814383611,0.7672532315,0.7608425949,0.7555220208,0.8815101457,0.8477256192,0.8445789071,0.8425917925,0.8461284244,0.8292361611,0.8276628051,0.8266692478,0.1732616694,0.172923505,0.1727854293,0.1727292842,0.1645128432,0.1552398714,0.1501449407,0.1469832787,0.1711926127,0.1697543492,0.1691003802,0.1694078625,0.1703012968,0.1675514581,0.1676827286,0.1670559875,0.1663597879,0.1646775592,0.1640277888,0.1628782761,0.1727099251,0.1722413923,0.1720744622,0.1718835678,0.0482421319,0.04989846,0.0500317644,0.0501255381,0.0475503281,0.0476528523,0.0463399798,0.0455758671,0.0534096687,0.0571041709,0.0572506555,0.0577915623,0.0522792006,0.0545945756,0.0550977067,0.0552783317,0.0471803384,0.0485645224,0.0485531273,0.0483265674,0.0510294655,0.0519277259,0.0519760164,0.0519807554,0.7497709724,0.9765737469,0.988221437,0.9951577019,0.7497709724,0.9765737469,0.988221437,0.9951577019,0.7103782227,0.9251406884,0.9361340139,0.9428085329,0.6940191074,0.9036775291,0.9144091088,0.920691009,0.7499018453,0.9765737469,0.988221437,0.9951577019,0.7499018453,0.9765737469,0.988221437,0.9951577019,10,2,2,2,10,2,1.5,1.8,10,1,1,1.2,10,1,1.5,1.6,10,2,2,2,10,2,2,2,10,6,6,5.8,10,6,5.5,5.8,10,6,5.5,5,10,5,5.5,5.8,10,7,6.5,6,10,7,6.5,6,20,14,13.5,13.6,20,14,13.5,13.8,10,13,13,12.6,10,13,13.5,14.2,20,14,14,13.8,20,14,14,13.8
35,0.880325662,0.8595226765,0.8573019808,0.8556501936,0.546504497,0.5058510546,0.5019243447,0.4980277522,0.8256502094,0.7821175223,0.7779013386,0.7740619768,0.8082911085,0.7576482901,0.7527327687,0.7481675881,0.8590497323,0.8358387073,0.833719193,0.8315703519,0.8303416297,0.8187361172,0.8176763601,0.8166019395,0.1723826384,0.1713862216,0.1709547947,0.1705664938,-0.002232065,-0.684035352,-1.225695612,-2.123603913,0.1654653566,0.1600540924,0.1576528809,0.1557031411,0.1688016857,0.1626166414,0.1599035361,0.1582631613,0.1630513807,0.1607477105,0.160196539,0.15930755,0.17227803,0.1715640133,0.1713848264,0.1710920531,0.048954224,0.0498492437,0.0498525603,0.049835346,-0.001021065,-0.338061642,-0.610498188,-1.066006816,0.0501015305,0.0511604995,0.0506660913,0.0502876855,0.0522094342,0.0536583542,0.0531076707,0.0528835931,0.0474510889,0.0480797638,0.0480367192,0.0478935876,0.0518696233,0.0523868465,0.0523999576,0.0523792698,0.7176042088,0.9352488871,0.9464184541,0.9530554431,0.47956293,0.6244435451,0.631970862,0.6365034399,0.7053824363,0.9186564144,0.9295831647,0.9361392149,0.7006879806,0.9126669365,0.9235127479,0.9300687981,0.7177660866,0.9348441926,0.9459328207,0.9526507487,0.7177660866,0.9348441926,0.9459328207,0.9526507487,10,2,1.5,1.2,10,1,1,0.6,10,2,1.5,1,10,1,0.5,0.6,10,2,2,1.4,10,2,2,1.4,10,6,5,4,10,4,3,3,10,6,5,4.2,10,4,3.5,3,10,6,5.5,5,10,6,5.5,5,20,13,12,10.6,20,10,10,10,20,13,12,11,10,11,11,9.4,20,14,13.5,12,20,14,13.5,12
36,0.9045561691,0.886414604,0.884167104,0.8820781247,0.8046886279,0.7408078641,0.7344778761,0.727341045,0.8726741801,0.8527772454,0.8501877171,0.8473760808,0.8284838264,0.7602522538,0.7518965156,0.7444296571,0.8791056392,0.858826822,0.8562060374,0.853944387,0.8482197329,0.8380803243,0.836769932,0.8356391068,0.1589771343,0.1535994967,0.1524419268,0.152427458,0.0134712156,-0.591914124,-1.006316624,-1.437481206,0.1532296262,0.1429338119,0.1443812411,0.1362061145,0.1172937535,0.0817104516,0.0725105331,0.0502047295,0.1482253401,0.1377341607,0.1377771342,0.1344733719,0.1573024425,0.1525693807,0.1528808226,0.1511666541,0.0439378835,0.043320444,0.0431032568,0.0432012352,0.0041852262,-0.199752916,-0.342527888,-0.494087751,0.0438965738,0.0419024466,0.0424556949,0.0401846705,0.0353940988,0.0268695197,0.024109213,0.0168601321,0.0421523118,0.0400936944,0.040228966,0.0393683049,0.0463625274,0.0455115626,0.0456758832,0.0452248623,0.7329665291,0.954607978,0.9659789088,0.9728564878,0.7257221458,0.9451627694,0.9564419991,0.9632278771,0.7050894085,0.9182943604,0.9291150848,0.9357175608,0.7187528657,0.936084365,0.9471801926,0.9539660706,0.7317744154,0.9530490601,0.9644199908,0.9712058689,0.7317744154,0.9530490601,0.9644199908,0.9712058689,10,3,2.5,2.2,10,1,1,0.6,10,3,2.5,2.4,10,1,2,1.8,10,3,2.5,2.2,10,3,2.5,2.2,10,7,6.5,6,10,4,3,3.2,10,7,7.5,7.2,10,6,6,5.4,10,7,7,6.6,10,7,7,6.6,20,15,14.5,13,20,10,10,12.8,10,16,15,15,10,14,13.5,13,20,15,15,14,20,15,15,14
37,0.9008958226,0.8752944522,0.8734148292,0.8715191831,0.7094090746,0.6597067421,0.6559420483,0.6514948749,0.8185873303,0.7733701994,0.7704099749,0.7666593815,0.7957565771,0.7421752523,0.7371911964,0.7327278931,0.8768134473,0.8575867291,0.856031308,0.8543123439,0.8488300212,0.8392166621,0.8384389516,0.8375794695,0.1658329745,0.164077915,0.1638280073,0.1625265468,0.0949682685,0.0135037996,0.0335333648,0.0572650659,0.1608160884,0.1497242757,0.1495436174,0.1429865348,0.1456408153,0.1122202163,0.1203427676,0.1063185183,0.1601257116,0.1571452801,0.1560750804,0.1544629751,0.1650114487,0.1636673641,0.163337869,0.1621070829,0.0460189098,0.0468636339,0.0468929545,0.0466216206,0.0334673857,0.0051173494,0.0127806126,0.0219744883,0.0491139071,0.048399937,0.0485272849,0.046626487,0.0457554544,0.0378011177,0.0408112468,0.036274898,0.0456555816,0.0458103171,0.0455810082,0.0452009667,0.0485996739,0.0487559922,0.0487029702,0.0483855828,0.7480039374,0.9744066499,0.9860002187,0.9930001094,0.6279120639,0.8178934704,0.8276276933,0.833533851,0.7156294433,0.931969813,0.9430165154,0.9496882861,0.6999890627,0.9118451274,0.9227824565,0.9292354807,0.7254730395,0.9448758613,0.9561413103,0.9629224543,0.7254730395,0.9448758613,0.9561413103,0.9629224543,10,2,1.5,1.4,10,2,1.5,1.6,10,1,1,1,10,1,1.5,1.6,10,3,2,1.8,10,3,2,1.8,10,6,5.5,5,10,5,5,6,10,5,5,4.8,10,6,5.5,5.6,10,6,6,5.4,10,6,6,5.4,20,13,13,12.2,20,12,13,14.6,20,13,13,12.4,10,14,14,13.6,20,14,13.5,13,20,14,13.5,13
38,0.9065012748,0.8943151705,0.8929391351,0.8916906132,0.8658750729,0.8237986393,0.8196365711,0.8147734918,0.8901265781,0.8683084047,0.8663117374,0.864723956,0.8645214397,0.8310525757,0.8276713601,0.8246874708,0.8939838862,0.8810287577,0.8796310368,0.8783888772,0.8781906173,0.8717130531,0.8710141926,0.8703931128,0.16855497,0.1677210461,0.1677011978,0.1681971277,0.1291872313,0.0737256735,0.0711681431,0.051482369,0.1674288455,0.1632366061,0.1644891103,0.1631375557,0.1368260623,0.0781726551,0.0577131064,0.0272080832,0.1661690517,0.1649869484,0.164785808,0.1645729268,0.1670555823,0.166144875,0.1662144937,0.1661425742,0.0464850339,0.0468853296,0.0469520237,0.0471568067,0.0372996161,0.0223736937,0.0217072254,0.015796528,0.0470238867,0.0469984527,0.0474682216,0.047164634,0.0395669951,0.0235161581,0.0174323739,0.0082479982,0.0464686932,0.0468165616,0.0468337863,0.046839427,0.0475567545,0.0476489581,0.0477071715,0.0477205563,0.7374071016,0.9602715845,0.9717405267,0.9786218919,0.7326360217,0.9541242316,0.9655014221,0.9722910359,0.7324525186,0.953848977,0.9652261675,0.9720157813,0.7278649417,0.9478851271,0.9592623176,0.9660519314,0.7370400954,0.9598128269,0.971281769,0.9781631342,0.7370400954,0.9598128269,0.971281769,0.9781631342,10,2,2,1.6,10,2,1.5,1.4,10,2,1.5,1.4,10,1,1,1,10,3,2,1.8,10,3,2,1.8,10,6,5.5,4.8,10,5,5,5.4,10,6,5,5,10,4,4.5,4.6,10,7,6,5.4,10,7,6,5.4,20,13,12.5,12,20,14,13,14.6,20,13,12.5,12.4,10,12,12,12.2,20,14,13,12.8,20,14,13,12.8
39,0.8950468609,0.8808472817,0.8794148034,0.8777962977,0.6510694539,0.610389441,0.6059469792,0.6018201539,0.8485598468,0.8327546381,0.8312493922,0.8291920788,0.8435098312,0.7953775423,0.7886901303,0.783138959,0.8782377314,0.8620714806,0.8603899492,0.8588447193,0.859641689,0.8515585635,0.8507177979,0.8499451829,0.1406985636,0.1148210612,0.1015468898,0.0992917139,0.1322215692,0.1042451332,0.0958649093,0.0912317459,0.17117316,0.1692787266,0.169004354,0.1689332374,0.0577967038,-0.020489497,-0.093938405,-0.100640717,0.1387809229,0.1115544144,0.0950841085,0.0916017064,0.1387451867,0.1134624919,0.0968586674,0.0947978705,0.0392992171,0.0325882431,0.0288677452,0.028278689,0.0507709156,0.0426961568,0.0395516904,0.0378982597,0.0504304913,0.0508189084,0.0508284143,0.0509330835,0.0171298252,-0.00644018,-0.029776715,-0.03212735,0.0395055114,0.0323506858,0.0276282018,0.0266642224,0.0403497144,0.0333102433,0.0284638066,0.0278835249,0.7247809871,0.9439673866,0.9551565617,0.9619221095,0.563708908,0.733975193,0.7427357099,0.7480267152,0.6870500477,0.8949605343,0.9055425449,0.9119611415,0.713158123,0.9289617486,0.940064186,0.9466562581,0.7240870847,0.9430132709,0.954202446,0.9609679938,0.7240870847,0.9430132709,0.954202446,0.9609679938,10,2,2,1.8,10,1,1,0.8,10,2,2,2.2,10,1,1.5,1.6,10,2,2,2,10,2,2,2,10,6,6,5.8,10,4,4.5,4.6,10,7,6.5,6.4,10,6,5.5,5.8,10,7,6.5,6.2,10,7,6.5,6.2,20,14,14,13.4,20,13,13,12.4,20,15,14.5,14,10,14,14,13.6,20,14,14.5,13.4,20,14,14.5,13.4
40,0.9095825045,0.8842561415,0.8820389549,0.8805139667,0.685205319,0.6674892435,0.6650020433,0.6620536166,0.8794514346,0.8332692542,0.8272978012,0.8219984621,0.8375560676,0.7899139686,0.7826835448,0.7757018204,0.8895993386,0.8632104435,0.860863015,0.8591490685,0.8616314013,0.8484369537,0.8472632395,0.8464062662,0.1635133218,0.1560192114,0.156558464,0.1540093394,0.1416906159,0.1050595506,0.1011579447,0.0961353223,0.1542456353,0.1312711235,0.1331689097,0.1379379368,0.1255650181,-0.042884498,-0.039157289,-0.078729896,0.1576722259,0.1501691947,0.1493032783,0.149479971,0.1621970992,0.1551125962,0.1552111183,0.156097179,0.044941861,0.0441102991,0.044374022,0.0437271143,0.0516964083,0.0393487804,0.0380291857,0.0363019399,0.0438471157,0.0393843655,0.0402421321,0.0419520057,0.0374795858,-0.013572522,-0.012507382,-0.025373763,0.0443098986,0.0434914788,0.0433586052,0.0434965178,0.0470610458,0.0457053985,0.0457977849,0.046105867,0.7488196412,0.9754485364,0.9871996643,0.9940195153,0.5518833281,0.7192319799,0.7275207219,0.7328716819,0.7409505823,0.9647466163,0.9762879026,0.9831077536,0.7151400692,0.9318014899,0.9428181723,0.9494281817,0.7482950372,0.9742944077,0.9859406148,0.9928653866,0.7482950372,0.9742944077,0.9859406148,0.9928653866,10,2,1.5,1.8,10,2,1.5,2,10,2,2,2.2,10,1,1,1.6,10,2,2,2,10,2,2,2,10,6,5.5,6,10,6,5.5,6.4,10,7,7,6.2,10,5,5.5,6,10,7,6,6.2,10,7,6,6.2,20,14,13,13.8,20,15,13.5,15.2,10,16,15,13.6,10,14,13,14.4,20,14,13.5,14.2,20,14,13.5,14.2
41,0.9092984188,0.8897794017,0.8879261488,0.8857987978,0.7171008174,0.6613394797,0.6548209291,0.6463622837,0.8896222697,0.85725098,0.8532768865,0.8489836737,0.8071186978,0.7366650762,0.7287412755,0.7213871887,0.8872857035,0.86390029,0.8614750061,0.8588817763,0.8576992034,0.8460064967,0.8447938547,0.8434972398,0.1687171666,0.1684569816,0.1681603422,0.1681503279,0.0724651666,-0.067437607,-0.07956171,-0.175360605,0.1590164165,0.1474720672,0.1444991057,0.1487078343,0.1693690762,0.1672775043,0.1668175187,0.1661802054,0.1503692646,0.138460352,0.1339197007,0.1349480128,0.1668904164,0.1651862028,0.1642890752,0.164225094,0.0463866326,0.0473311085,0.0473463763,0.0474572579,0.0252632422,-0.02549281,-0.030375369,-0.067825974,0.0446864984,0.0430072612,0.0423365229,0.043789957,0.0524610186,0.0567685064,0.0572279642,0.0575905034,0.0423677695,0.0400683834,0.0388634899,0.0392801479,0.0486447975,0.0488135149,0.0486180961,0.0486738682,0.7379957067,0.9609083719,0.9726584567,0.9795503333,0.6346175573,0.8265732686,0.8364026664,0.8423906903,0.7378827251,0.9610213535,0.9724324935,0.9793243701,0.7152864083,0.9314201785,0.9426053553,0.9492712688,0.7378827251,0.9610213535,0.9724324935,0.9793243701,0.7378827251,0.9610213535,0.9724324935,0.9793243701,10,2,2,1.8,10,1,1,1,10,2,1.5,2.2,10,1,1.5,1.6,10,2,2,2.2,10,2,2,2.2,10,7,6,5.6,10,5,4,5.4,10,7,6.5,6.8,10,6,5,5.4,10,7,6.5,6.6,10,7,6.5,6.6,20,14,12.5,13.6,20,12,11.5,14.25,10,15,14.5,15.05,10,14,12,13.6,20,15,14,14.4,20,15,14,14.4
42,0.922683288,0.911908208,0.9104758415,0.9090941824,0.8538827132,0.8337044429,0.8299953628,0.8252770668,0.8390132703,0.7777145926,0.7623149089,0.7480335781,0.8747137593,0.8257866525,0.8168558315,0.808554712,0.905783597,0.8927100317,0.8909363908,0.8892255526,0.8896534017,0.8831166191,0.8822297987,0.8813743796,0.1600135543,0.1532571522,0.1516737582,0.1478807467,0.1447634006,0.1257067329,0.1155665679,0.1052513541,-0.168074784,-0.583863294,-0.676876574,-0.428800014,0.0817498168,-0.367959174,-0.249085792,-0.292526375,0.1559528948,0.1464559755,0.143991222,0.1393719377,0.1581988447,0.1514638871,0.1496694363,0.1476741953,0.0433554927,0.0420155096,0.0416468377,0.0406670589,0.0423838656,0.037695233,0.0348094017,0.031883642,-0.050081086,-0.187685592,-0.22198063,-0.14330908,0.0233647339,-0.111396561,-0.076233095,-0.090447304,0.0430436407,0.0410144308,0.0404044619,0.0391835168,0.0444551902,0.0428776573,0.0424122594,0.0418874767,0.7379251215,0.9613222826,0.9727541202,0.9796132228,0.6854339335,0.8929217872,0.9034009717,0.9099742784,0.7142993236,0.9300752596,0.941126036,0.9478898733,0.7354482233,0.9582737925,0.9697056302,0.9765647328,0.7382109174,0.9613222826,0.9727541202,0.9796132228,0.7382109174,0.9613222826,0.9727541202,0.9796132228,10,2,2,2,10,2,2,2.2,10,1,2.5,2.8,10,1,1.5,1.8,10,2,2,2.2,10,2,2,2.2,10,6,6.5,6.4,10,6,7,6.8,10,7,8,7,10,6,6,6.4,10,6,6.5,6.6,10,6,6.5,6.6,20,14,14.5,14.2,20,15,15.25,14.4,10,16,17,15.4,10,14,14.5,14.4,20,15,15,15,20,15,15,15
43,0.9078215398,0.8965579414,0.8957639073,0.89508169,0.7533640771,0.7108735361,0.7064318206,0.7018529459,0.9031129538,0.8935626853,0.8924273975,0.8914519031,0.8879177795,0.85578044,0.8511523311,0.8462081176,0.8956701786,0.8828403726,0.8818585909,0.8810051664,0.8911484698,0.8847335667,0.8842426759,0.8838159636,0.1691470078,0.1690223005,0.169104369,0.169003191,-0.017738787,-0.569341951,-0.934664305,-0.972687004,0.1689118469,0.1641552176,0.1655923152,0.1659700827,0.1591412198,0.1522202493,0.1511677916,0.1484446805,0.1659151109,0.1648007777,0.1641287162,0.164248728,0.1675391887,0.1671743601,0.1670590991,0.1671992161,0.0465804677,0.0471308916,0.0471955745,0.0472032868,-0.005886525,-0.200226173,-0.330769466,-0.346471084,0.0467582284,0.0459271689,0.0463881756,0.0465448787,0.0448074201,0.0444682544,0.0444009216,0.0438558427,0.0463103257,0.0466677734,0.0465292049,0.0466083328,0.0470009192,0.0472386169,0.0472322541,0.0472946923,0.7333861543,0.957413093,0.968901654,0.9759334456,0.6374170546,0.8314350797,0.8412399723,0.8472813707,0.72675052,0.9463206893,0.9576111716,0.9643458453,0.7253639695,0.9455283748,0.9568188571,0.963949688,0.7350698227,0.9572150144,0.968604536,0.975438249,0.7350698227,0.9572150144,0.968604536,0.975438249,10,2,2,2,10,2,1,1,10,2,2,2.2,10,1,1.5,2,10,2,2,2,10,2,2,2,10,6,5.5,6.2,10,5,4,4.8,10,6,6.5,7.2,10,6,5.5,6.6,10,6,6,6.6,10,6,6,6.6,20,14,13.5,13.4,20,12,11.5,13.8,20,14,15,14.8,10,13,13.5,15,20,14,14.5,14.4,20,14,14.5,14.4
44,0.9151031914,0.893561306,0.8905245009,0.8878512447,0.4960087383,0.4463656363,0.438126797,0.4331431173,0.7102838403,0.6310521738,0.6191853148,0.6107962673,0.8398899019,0.7768530968,0.7687376574,0.7610908514,0.8935142381,0.8708358658,0.8675761017,0.8650354545,0.8928226458,0.8814834597,0.8798535777,0.878583254,0.0130430662,-0.13165478,-0.145800308,-0.403529125,-0.327790367,-1.275934596,-1.748591575,-1.856213387,-0.130634187,-0.1504751,-0.223602438,-0.15799134,-0.022199971,-0.105127678,-0.142818545,-0.491956875,0.00656812,-0.134513945,-0.15826474,-0.439068646,0.0073787369,-0.133377635,-0.154357236,-0.427497302,0.0035632774,-0.036834289,-0.040931021,-0.113625207,-0.165214008,-0.714624118,-0.997765708,-1.071362624,-0.045979572,-0.059612781,-0.090280903,-0.064666137,-0.006608,-0.03383126,-0.046445801,-0.161595976,0.0018377211,-0.038616331,-0.045605435,-0.126893252,0.0020661262,-0.037827606,-0.043858785,-0.121643936,0.7420639078,0.968465165,0.9800942902,0.9871136721,0.4430591933,0.5771608172,0.5844944997,0.5878470403,0.6190675746,0.8073336826,0.8170770037,0.8229439497,0.7180722892,0.93693033,0.947826087,0.9549502357,0.7407019382,0.9649030906,0.9764274489,0.9833420639,0.7407019382,0.9649030906,0.9764274489,0.9833420639,10,2,2,2,10,1,1.5,1.4,10,2,3,2.6,10,1,1.5,1.8,10,2,2,2,10,2,2,2,10,6,6.5,6.2,10,5,5.5,4.6,10,8,8,7,10,6,5.5,5.6,10,6,6.5,6.2,10,6,6.5,6.2,20,14,14.5,13.8,20,13,14,13,10,16,15,13.8,10,13,13.5,13.6,20,14,14.5,13.8,20,14,14.5,13.8
45,0.9136256788,0.8920282622,0.889944265,0.8879516249,0.7061033935,0.6691585893,0.6644577967,0.6588387035,0.8978931456,0.8668656838,0.8632758092,0.8599729426,0.8466512941,0.793464444,0.7861719257,0.7790008304,0.8940019884,0.8697768921,0.8675142844,0.865461602,0.8697006124,0.8575880643,0.8564567604,0.8554304192,0.160084844,0.150407508,0.1509266781,0.147175588,0.0036489379,-0.586244401,-0.4511696,-0.843720947,0.1078988193,0.0465582299,0.0230499826,-0.000591716,0.0743766667,-0.063551555,-0.072607833,-0.062699859,0.1542798324,0.143254508,0.141442794,0.1364227538,0.158346832,0.1496733274,0.1481969285,0.1448548933,0.0438048228,0.0421532351,0.0423977894,0.041436826,0.0012919276,-0.219022968,-0.169751037,-0.320154593,0.0300422216,0.0134271753,0.0066751502,-0.000172016,0.0219620129,-0.020023441,-0.023089044,-0.020121885,0.0431430339,0.0411756478,0.0407609409,0.039407512,0.0455176269,0.0436320576,0.0432587304,0.0423339205,0.749703115,0.9765232484,0.9881246003,0.9951584909,0.5957796657,0.7761943912,0.7854206632,0.7910843153,0.7448616059,0.9701288024,0.9816388052,0.9885813465,0.7266831095,0.9464693523,0.9577053074,0.9644651503,0.7497944642,0.9765232484,0.9881246003,0.9951584909,0.7497944642,0.9765232484,0.9881246003,0.9951584909,10,2,2,1.6,10,1,1,1.4,10,2,2,1.8,10,1,1,1.4,10,2,2,1.8,10,2,2,1.8,10,6,5.5,5.8,10,4,5,6.2,10,6,6,6.2,10,5,5,6,10,6,6,6,10,6,6,6,20,13,14,13.8,20,13,14.5,14.4,20,14,14.5,13.6,10,12,14.5,14.6,20,14,14,14.4,20,14,14,14.4
46,0.880433227,0.8665010201,0.8650137119,0.8638524697,0.7862434695,0.7625416286,0.7601751671,0.7574689451,0.865829793,0.8439675581,0.8414944333,0.8393940516,0.8400318139,0.7979215683,0.7931856556,0.7885481125,0.8648108007,0.8484044082,0.8466235345,0.8452831055,0.8532927453,0.845089549,0.8441991122,0.8435288977,0.1703317019,0.1698117035,0.1694647222,0.1680078058,0.1580242699,0.1485741068,0.1454012716,0.1397606532,0.0577138616,-0.43842801,-0.47495458,-0.852916412,0.1645439628,0.1560744125,0.1553565157,0.1488353915,0.1625976549,0.1590258821,0.157531961,0.1560448453,0.1692871537,0.1683775792,0.1681209729,0.1675219791,0.0483658774,0.0489935094,0.048977467,0.048621672,0.0502466081,0.0487101626,0.0478183443,0.0461275192,0.0166643208,-0.129871109,-0.141104493,-0.254027417,0.0489695629,0.0489002988,0.0489660001,0.0471865284,0.0470038229,0.0468602828,0.0465177126,0.0461516515,0.0495982049,0.0498105732,0.0497871209,0.0496491524,0.7107731806,0.925940555,0.9370000987,0.9436160758,0.6492544683,0.8454626247,0.8556334551,0.8616569567,0.7033672361,0.9162634541,0.927224252,0.9337414832,0.6970474968,0.9079687963,0.9187321023,0.9252493335,0.7104769428,0.9252493335,0.9363088773,0.9429248543,0.7104769428,0.9252493335,0.9363088773,0.9429248543,10,2,2,1.8,10,2,1,1.2,10,3,3,2.2,10,1,1.5,1.2,10,3,2.5,2,10,3,2.5,2,10,7,6,5.4,10,4,4.5,5.6,10,8,6,6.4,10,6,4.5,4.6,10,7,6,6,10,7,6,6,20,13,13,13.2,20,12,12.5,13.8,10,13,13.5,14.2,10,12,11.5,12.8,20,14,13,14,20,14,13,14
47,0.8956255351,0.8615686435,0.8582317568,0.8548100379,0.6261743585,0.5750133581,0.5704632919,0.5661511649,0.7154590503,0.6767665347,0.672012238,0.666805349,0.7894379307,0.7218928397,0.7148820463,0.7084596691,0.8715898581,0.8334833838,0.8295974627,0.8254054596,0.8262227115,0.8071694744,0.8052265138,0.8031305123,0.1372665604,0.1082003653,0.1016237594,0.0576955871,0.1098232798,0.0169581822,0.0261181692,-0.026248162,0.0959022524,-0.007824793,-0.062057588,-0.090503514,0.0771119479,-0.15431876,-0.349813872,-0.613087081,0.1268746924,0.089923379,0.0832534355,0.0557391612,0.1347890169,0.1061803785,0.1015402992,0.0820383321,0.0383158349,0.0313963275,0.0296026565,0.0168738037,0.0438469247,0.0073729514,0.0114460341,-0.011590615,0.0335107412,-0.002890507,-0.02308648,-0.033931759,0.0244198894,-0.053442406,-0.122332724,-0.216345089,0.0363917418,0.0269721571,0.0250885035,0.0168823578,0.0407847107,0.0328866434,0.0315253837,0.0255370487,0.7498817967,0.9765619723,0.988179669,0.9952043229,0.5590003377,0.7279972982,0.736643026,0.7418439716,0.6072948328,0.7909490037,0.8003377237,0.8060114826,0.7155015198,0.9318473489,0.9428571429,0.9495440729,0.7498817967,0.9765619723,0.988179669,0.9952043229,0.7498817967,0.9765619723,0.988179669,0.9952043229,10,2,1.5,1.6,10,2,2,1.6,10,2,1.5,1.8,10,1,0.5,0.8,10,2,2,1.8,10,2,2,1.8,10,6,5.5,5.4,10,6,6,5.8,10,6,6,5.4,10,4,4,4,10,6,6,5.8,10,6,6,5.8,20,13,13,13.4,20,14,14,14,10,15,12.5,13,10,12,11.5,11.8,20,14,14,14,20,14,14,14
48,0.8652932684,0.8123260093,0.8075334175,0.8010808102,0.4969052122,0.3402225415,0.3269043315,0.3073453677,0.8377279062,0.7739971769,0.7678177179,0.7604317052,0.7791033833,0.704052473,0.6940965457,0.6865674129,0.8622877447,0.8077128384,0.8028315776,0.7960686287,0.8334740235,0.8061865704,0.80374594,0.8003644655,0.0502751486,-0.305771948,-0.312751138,-0.150248583,-0.222433724,-1.022985868,-1.918139048,-2.281024424,0.0687111372,-0.269818496,-0.27385852,-0.231530649,-0.0021512,-0.176355612,-0.27964615,-0.336037701,0.0567972618,-0.346516528,-0.356481941,-0.15251633,0.0453589571,-0.361574273,-0.365703137,-0.158947561,0.0145254651,-0.094103828,-0.096822971,-0.046889334,-0.111909534,-0.751703476,-1.466896324,-1.855424437,0.0205052072,-0.087150995,-0.089167817,-0.07611816,-0.000690281,-0.062621615,-0.100723074,-0.12236151,0.0164670268,-0.10725239,-0.111007698,-0.047896728,0.0136053902,-0.112124875,-0.113749606,-0.049648494,0.7490100518,0.9762412428,0.9878160219,0.9948218093,0.7496192507,0.9762412428,0.9878160219,0.9948218093,0.7468778556,0.9762412428,0.9878160219,0.9948218093,0.7103259214,0.9256777338,0.9372525129,0.9439537009,0.7493146512,0.9762412428,0.9878160219,0.9948218093,0.7493146512,0.9762412428,0.9878160219,0.9948218093,10,1,1,1.2,10,1,0.5,0.2,10,1,1,0.8,10,1,1,1.6,10,1,1,1.2,10,1,1,1.2,10,4,5.5,6,10,1,0.5,0.2,10,4,5.5,5.8,10,5,6,6.4,10,5,6,6,10,5,6,6,10,14,13,12.6,10,4,2.5,11,10,14,15,12.4,10,14,13,14.4,10,14,13.5,13,10,14,13.5,13
49,0.9308266896,0.9059806562,0.9027129264,0.8993121185,0.3815072414,0.1921319199,0.1764008319,0.1611386526,0.9075866513,0.8699800285,0.8657167908,0.8619717913,0.8521060344,0.7823077446,0.7720583604,0.7631688813,0.9194221037,0.892387179,0.8891246052,0.885547521,0.9107567672,0.8972393048,0.8956080179,0.8938194758,0.1563675119,0.1448415402,0.1415445992,0.1369549012,-0.228266568,-1.487262104,-0.230970058,-1.853222136,0.1521647085,0.1354540717,0.1318468227,0.1264570194,0.1027513242,0.0501118664,0.0415453368,0.0120942331,0.1500948244,0.133752577,0.1316091152,0.1267246857,0.1549293303,0.1440474241,0.1423931177,0.1380311979,0.0419969457,0.0399681658,0.0391997819,0.0380721271,-0.149582068,-1.935209549,-0.327336974,-2.875198013,0.0419146503,0.0389244774,0.0380744673,0.0366766699,0.0301462846,0.0160141155,0.0134527838,0.0039618469,0.0408122732,0.0374704445,0.0370052506,0.0357758005,0.0425276363,0.040136289,0.0397476114,0.0386071241,0.7444713939,0.9758881438,0.9877300613,0.9950064203,0.749750321,0.9764588386,0.9880154088,0.9950064203,0.7457554573,0.9758881438,0.9877300613,0.9950064203,0.742473962,0.9693251534,0.9810243972,0.9880154088,0.749750321,0.9764588386,0.9880154088,0.9950064203,0.749750321,0.9764588386,0.9880154088,0.9950064203,10,2,2,2.4,10,1,0.5,0.2,10,1,1.5,2,10,1,1.5,2.4,10,1,1.5,2.4,10,1,1.5,2.4,10,7,7,6.4,10,1,0.5,0.2,10,6,7,6,10,7,6.5,6.4,10,6,7,7,10,6,7,7,10,15,14,13.8,10,1,0.5,0.4,10,15,15,12.8,10,16,12,14.4,20,15,14.5,14.8,20,15,14.5,14.8
